Student_ID,Student_Name,Grade,Section,Maths,Computer_Science,English,Tamil,Physics,Chemistry,Total_Marks,Percentage,Grade.1,Pass/Fail,WhatsApp_Time,Insta_Reel_Freq,YouTube_Entertainment,Study_Time,Call_Chat_Time,Productivity_Score,Total_Social_Media
1,Andrea Hickman,11,A,70,66,63,52,48,46,345,57.5,Capable,Pass,3.2,0.0,0.6,2.1,2.3,16.69,6.1
2,Gregory Rubio,11,C,60,88,63,92,70,35,408,68.0,Ideal,Pass,3.9,1.0,3.6,2.7,1.0,19.9,9.5
3,Dawn Johnson,12,A,46,83,47,80,79,68,403,67.17,Ideal,Pass,4.1,5.0,2.6,1.6,3.7,8.68,15.399999999999999
4,Diana Foster,11,C,72,81,59,43,40,64,359,59.83,Capable,Pass,4.0,0.0,4.3,5.3,1.8,42.37,10.100000000000001
5,Nicholas Martin,12,C,81,55,82,80,61,69,428,71.33,Proficient,Pass,3.7,5.0,3.4,4.0,1.1,35.81,13.2
6,Alexis Tyler,11,A,94,83,69,63,76,42,427,71.17,Proficient,Pass,1.5,0.0,4.1,3.0,0.7,27.13,6.3
7,Bobby Smith,12,A,98,85,93,53,68,52,449,74.83,Proficient,Pass,1.6,4.0,2.9,4.7,2.0,46.53,10.5
8,Krista Camacho,12,B,63,52,100,98,46,41,400,66.67,Ideal,Pass,4.4,1.0,3.3,5.0,2.0,41.02,10.7
9,Crystal Cain,11,B,83,94,67,36,49,69,398,66.33,Ideal,Pass,4.0,2.0,1.0,3.2,2.1,27.61,9.1
10,Debbie Parker,12,C,57,99,48,73,99,60,436,72.67,Proficient,Pass,1.2,1.0,2.9,4.9,2.4,47.14,7.5
11,Micheal Nunez,11,C,76,97,37,49,81,74,414,69.0,Ideal,Pass,1.6,1.0,4.5,5.7,0.8,53.49,7.8999999999999995
12,Jennifer Harris,12,A,51,51,95,56,68,89,410,68.33,Ideal,Pass,4.8,4.0,3.9,4.4,3.0,33.78,15.700000000000001
13,Samantha Davis,12,C,82,91,92,50,66,63,444,74.0,Proficient,Pass,0.8,0.0,3.1,2.2,1.3,21.59,5.2
14,Kyle Johnson,11,C,42,64,43,39,77,44,309,51.5,Capable,Pass,2.8,2.0,3.5,2.1,1.0,15.1,9.3
15,Jeffrey Brown,12,A,95,87,59,47,47,90,425,70.83,Proficient,Pass,2.1,3.0,2.6,4.6,2.9,43.0,10.6
16,Jesse Mann,11,A,86,78,48,66,59,59,396,66.0,Ideal,Pass,2.9,1.0,2.4,2.4,1.4,20.02,7.699999999999999
17,Angel Doyle,11,B,47,41,36,46,65,56,291,48.5,Difficult,Fail,2.3,3.0,1.5,3.0,0.7,28.66,7.5
18,Joseph Mahoney,12,A,84,68,93,71,89,97,502,83.67,Proficient,Pass,1.2,2.0,1.5,1.3,3.1,14.0,7.800000000000001
19,Jessica Edwards,11,C,75,42,41,96,99,55,408,68.0,Ideal,Pass,0.8,4.0,0.9,1.9,2.6,21.73,8.3
20,Lisa Pierce,11,B,50,66,40,45,88,75,364,60.67,Ideal,Pass,4.7,1.0,3.5,2.6,1.4,16.24,10.6
21,Patricia Miller,11,C,73,93,75,44,36,93,414,69.0,Ideal,Pass,3.3,4.0,5.0,1.4,1.2,7.36,13.5
22,John Alvarez,12,A,79,43,66,82,71,55,396,66.0,Ideal,Pass,2.5,4.0,3.7,4.1,4.0,34.25,14.2
23,Stacey Tucker,11,C,73,48,52,68,49,48,338,56.33,Capable,Pass,3.8,1.0,1.7,4.0,3.0,32.38,9.5
24,Erin Wilson,11,C,68,99,97,67,41,46,418,69.67,Ideal,Pass,3.4,2.0,0.7,2.7,1.0,25.92,7.1000000000000005
25,Elizabeth Robinson,12,A,91,89,36,49,44,54,363,60.5,Ideal,Pass,3.0,2.0,3.1,1.7,0.9,12.32,9.0
26,Julie Thornton,12,B,40,80,61,66,48,80,375,62.5,Ideal,Pass,4.0,3.0,4.9,4.7,3.7,34.96,15.600000000000001
27,Kevin Hill,11,A,57,87,38,57,77,87,403,67.17,Ideal,Pass,4.1,5.0,4.1,2.3,3.3,13.91,16.5
28,Justin Garcia,11,B,39,95,63,60,93,79,429,71.5,Proficient,Pass,1.9,1.0,1.5,4.3,1.9,42.32,6.300000000000001
29,Tracy Chang,12,A,70,79,100,86,77,38,450,75.0,Proficient,Pass,1.0,2.0,1.3,5.8,1.4,60.87,5.699999999999999
30,Terri Crawford,11,C,90,79,75,90,100,49,483,80.5,Proficient,Pass,2.2,4.0,1.4,1.2,2.0,13.15,9.6
31,Scott Mills,11,B,90,43,77,75,50,73,408,68.0,Ideal,Pass,2.8,5.0,2.3,3.0,1.5,28.45,11.6
32,Melissa Joseph,11,A,88,83,57,73,86,35,422,70.33,Proficient,Pass,1.9,1.0,2.4,3.9,2.8,35.77,8.1
33,Sonia Williams,12,B,91,62,100,95,56,45,449,74.83,Proficient,Pass,1.8,5.0,3.3,2.7,3.4,24.35,13.5
34,Christopher Caldwell,11,C,74,63,60,53,38,40,328,54.67,Capable,Pass,1.6,3.0,3.3,4.8,2.1,44.3,10.0
35,Darlene Ross,11,C,84,98,86,66,53,35,422,70.33,Proficient,Pass,4.5,0.0,4.0,2.1,3.3,9.07,11.8
36,Rebecca Hernandez,12,A,66,50,93,52,94,75,430,71.67,Proficient,Pass,4.8,3.0,3.3,4.6,2.3,37.36,13.399999999999999
37,Abigail Wilson,12,A,95,92,68,66,70,97,488,81.33,Proficient,Pass,3.3,2.0,2.5,4.6,1.3,43.22,9.1
38,Kaitlyn Carroll,12,B,45,52,54,64,84,54,353,58.83,Capable,Pass,3.7,0.0,2.4,2.7,2.1,19.36,8.2
39,Caroline Bell,11,A,88,84,37,83,96,35,423,70.5,Proficient,Pass,4.7,2.0,3.9,5.3,3.8,41.24,14.399999999999999
40,Daniel Martin,12,C,63,97,63,69,90,97,479,79.83,Proficient,Pass,0.6,2.0,3.5,5.0,3.0,48.93,9.1
41,Larry Wilson,12,A,38,85,38,45,89,52,347,57.83,Capable,Pass,4.4,1.0,0.7,2.9,1.2,23.99,7.300000000000001
42,Christina Matthews,12,B,83,70,88,67,45,95,448,74.67,Proficient,Pass,0.6,4.0,0.7,5.8,1.3,63.66,6.6
43,John Santiago,11,C,40,38,66,60,37,54,295,49.17,Difficult,Fail,1.6,3.0,3.5,3.8,1.3,34.41,9.4
44,Robert Johnson,12,B,56,49,55,74,48,38,320,53.33,Capable,Pass,4.7,4.0,3.5,5.8,1.9,48.4,14.1
45,Melissa Mitchell,11,A,66,48,73,50,40,79,356,59.33,Capable,Pass,2.9,5.0,2.2,3.5,1.7,32.29,11.8
46,Joshua Davenport,12,B,48,90,81,93,54,90,456,76.0,Proficient,Pass,1.3,4.0,4.8,2.4,3.3,19.84,13.399999999999999
47,Edward Vaughn,12,B,90,69,76,66,46,70,417,69.5,Ideal,Pass,4.5,1.0,3.9,3.8,2.8,27.24,12.2
48,John Thompson,12,A,98,76,58,97,62,80,471,78.5,Proficient,Pass,4.1,2.0,1.8,4.0,3.6,33.63,11.5
49,Cristina Harvey,11,C,59,45,65,87,97,65,418,69.67,Ideal,Pass,3.6,5.0,3.7,3.2,0.6,28.0,12.9
50,Lisa Smith,12,A,86,66,74,82,95,79,482,80.33,Proficient,Pass,2.4,5.0,3.0,2.8,2.1,26.71,12.5
51,Sierra Wagner,12,B,64,50,59,75,50,58,356,59.33,Capable,Pass,1.4,5.0,2.7,4.6,3.9,42.9,13.000000000000002
52,Christopher Dixon,12,A,59,72,64,81,57,73,406,67.67,Ideal,Pass,0.6,4.0,1.1,1.2,0.7,17.08,6.3999999999999995
53,Melissa Ashley,12,C,51,97,48,36,71,95,398,66.33,Ideal,Pass,2.7,2.0,1.3,1.3,3.8,8.72,9.8
54,Rachel Byrd,12,A,43,86,97,44,41,54,365,60.83,Ideal,Pass,1.2,4.0,4.8,1.4,1.4,10.8,11.4
55,Chase Lin,12,C,63,83,92,91,73,89,491,81.83,Proficient,Pass,1.9,4.0,0.8,5.8,0.8,62.22,7.5
56,Brandon Cooper,11,C,62,68,45,55,65,57,352,58.67,Capable,Pass,3.0,1.0,0.5,3.3,2.6,29.5,7.1
57,Alexander Le,12,A,64,71,71,93,44,64,407,67.83,Ideal,Pass,4.7,5.0,3.2,5.0,1.2,43.64,14.099999999999998
58,Ross Wood,11,C,63,54,69,53,44,42,325,54.17,Capable,Pass,1.2,2.0,3.2,5.1,3.7,45.78,10.100000000000001
59,Jessica Valencia,12,A,94,73,86,69,99,98,519,86.5,Excellent,Pass,2.5,4.0,0.7,3.2,1.6,34.68,8.8
60,Amanda Ball,12,A,46,64,37,69,40,57,313,52.17,Capable,Pass,2.6,5.0,2.5,2.4,4.0,17.97,14.1
61,Danielle Coleman,12,C,97,46,95,79,87,77,481,80.17,Proficient,Pass,1.9,0.0,4.4,2.6,2.9,20.14,9.200000000000001
62,Tina Gould,12,C,86,39,93,46,75,67,406,67.67,Ideal,Pass,2.0,3.0,4.4,5.1,0.5,48.07,9.9
63,Mark Bates,12,B,41,59,81,98,91,41,411,68.5,Ideal,Pass,1.4,4.0,1.1,2.4,3.6,24.08,10.1
64,Lisa Barnes,12,A,38,65,55,74,36,87,355,59.17,Capable,Pass,0.9,0.0,2.6,1.6,3.4,12.14,6.9
65,Brian Shaw,12,C,72,100,69,88,96,95,520,86.67,Excellent,Pass,1.6,4.0,1.2,2.0,2.6,22.55,9.4
66,Kathleen Harris,11,A,70,88,78,99,69,35,439,73.17,Proficient,Pass,1.8,2.0,4.3,3.9,2.8,33.91,10.899999999999999
67,Brandon Flynn,11,B,96,79,77,83,93,76,504,84.0,Proficient,Pass,4.4,5.0,1.6,2.9,3.5,24.5,14.5
68,Tyler Glass,12,A,75,95,83,84,54,98,489,81.5,Proficient,Pass,4.8,1.0,2.8,4.0,3.5,30.65,12.1
69,Kristin Weber,12,A,93,36,53,87,54,44,367,61.17,Ideal,Pass,2.6,2.0,2.0,4.5,2.8,40.56,9.399999999999999
70,Brian Martinez,12,C,83,75,97,39,43,65,402,67.0,Ideal,Pass,3.3,2.0,5.0,4.7,2.0,38.2,12.3
71,Charles Ellis,11,C,47,91,56,73,38,40,345,57.5,Capable,Pass,2.0,0.0,1.8,2.9,1.0,26.85,4.8
72,John Grant,12,C,58,56,57,45,83,65,364,60.67,Ideal,Pass,2.7,4.0,1.1,3.3,1.4,32.34,9.200000000000001
73,Kenneth Fowler,12,C,36,94,71,55,44,91,391,65.17,Ideal,Pass,4.8,4.0,1.8,5.8,2.9,50.74,13.500000000000002
74,Karen Decker,12,B,60,84,96,48,65,83,436,72.67,Proficient,Pass,3.1,4.0,1.8,4.5,0.6,44.65,9.5
75,Samuel Holmes,12,B,36,41,98,71,64,80,390,65.0,Ideal,Pass,1.5,1.0,3.3,4.4,3.0,39.45,8.8
76,Rodney Owens,11,C,47,40,74,91,39,81,372,62.0,Ideal,Pass,3.8,0.0,4.6,2.6,2.0,15.3,10.399999999999999
77,Daniel Hamilton,11,A,81,99,69,56,67,96,468,78.0,Proficient,Pass,4.9,2.0,3.9,2.7,0.9,19.07,11.700000000000001
78,Mary Johnston,11,A,63,85,81,46,85,36,396,66.0,Ideal,Pass,1.7,0.0,2.5,4.4,2.9,39.97,7.1
79,Yvonne Higgins,12,C,82,48,64,95,38,76,403,67.17,Ideal,Pass,4.6,1.0,3.4,4.2,2.1,32.4,11.1
80,William Armstrong,12,C,87,49,52,40,39,73,340,56.67,Capable,Pass,5.0,0.0,0.9,5.4,1.0,47.12,6.9
81,Anne Robinson,12,B,88,54,88,47,97,87,461,76.83,Proficient,Pass,4.7,2.0,0.6,2.9,2.1,24.86,9.4
82,Selena Duncan,11,B,47,82,80,42,85,70,406,67.67,Ideal,Pass,1.4,0.0,4.8,5.1,0.8,46.81,6.999999999999999
83,Kendra Snyder,11,C,37,41,77,66,51,61,333,55.5,Capable,Pass,0.8,4.0,1.4,2.1,3.5,20.65,9.7
84,John Leblanc,12,A,35,70,53,51,67,57,333,55.5,Capable,Pass,1.0,0.0,1.1,2.8,3.3,25.94,5.4
85,Tyler Burton,12,A,57,68,41,51,88,49,354,59.0,Capable,Pass,3.9,3.0,2.5,2.8,2.6,20.73,12.0
86,Wanda Santos,12,C,63,40,73,93,38,42,349,58.17,Capable,Pass,5.0,3.0,2.4,1.5,3.0,5.12,13.4
87,Vanessa Sandoval,12,A,45,76,53,43,51,70,338,56.33,Capable,Pass,3.3,4.0,3.0,2.6,4.0,17.73,14.3
88,Christopher Williams,12,B,99,90,47,49,62,90,437,72.83,Proficient,Pass,2.5,1.0,2.4,5.1,1.9,47.9,7.800000000000001
89,Amy Levine,11,B,89,75,67,82,54,95,462,77.0,Proficient,Pass,0.8,0.0,0.9,1.5,3.1,16.03,4.800000000000001
90,Kelsey Moss,11,C,42,77,50,87,80,89,425,70.83,Proficient,Pass,4.4,5.0,0.7,2.4,1.6,21.81,11.7
91,Xavier Jimenez,11,C,99,62,54,96,63,48,422,70.33,Proficient,Pass,2.1,4.0,2.2,4.8,2.5,46.53,10.8
92,Caitlin Dodson,12,C,38,69,38,58,69,74,346,57.67,Capable,Pass,4.6,2.0,0.5,5.3,2.5,46.82,9.6
93,Chris Mitchell,12,A,53,38,46,62,83,88,370,61.67,Ideal,Pass,2.5,1.0,2.2,4.6,3.2,40.53,8.9
94,Erin Johnson,11,A,54,55,41,45,69,91,355,59.17,Capable,Pass,3.5,3.0,3.2,3.1,1.3,25.06,11.0
95,Michele Jones,11,B,90,49,71,97,74,40,421,70.17,Proficient,Pass,1.5,4.0,0.7,2.0,3.8,20.41,10.0
96,Alexis Harris,11,B,72,76,50,35,98,90,421,70.17,Proficient,Pass,1.3,3.0,2.9,2.2,2.5,20.57,9.7
97,Jeremy Taylor,12,A,85,40,90,37,93,44,389,64.83,Ideal,Pass,4.4,4.0,2.4,3.0,2.7,22.84,13.5
98,Dylan Lester,12,A,86,37,76,56,93,81,429,71.5,Proficient,Pass,0.9,0.0,1.6,3.9,2.3,39.19,4.8
99,Mark Solis,12,B,78,63,77,56,44,100,418,69.67,Ideal,Pass,3.3,4.0,2.8,5.5,1.7,51.13,11.799999999999999
100,Gregory Medina,11,A,48,53,67,60,57,54,339,56.5,Capable,Pass,3.9,5.0,0.8,5.8,2.7,53.91,12.400000000000002
101,Brent Gray,12,C,92,76,75,54,91,43,431,71.83,Proficient,Pass,2.6,5.0,1.9,2.4,0.7,24.79,10.2
102,Wesley Farrell,11,B,94,92,39,42,82,71,420,70.0,Proficient,Pass,0.8,0.0,3.3,3.5,2.1,32.93,6.199999999999999
103,Anna Baker,11,B,59,76,95,99,54,42,425,70.83,Proficient,Pass,2.5,2.0,4.9,1.4,2.8,6.37,12.2
104,Sydney Baker,11,A,91,91,55,81,82,71,471,78.5,Proficient,Pass,2.2,2.0,3.6,1.3,2.7,8.81,10.5
105,Melissa Gilbert,12,A,77,47,84,71,67,54,400,66.67,Ideal,Pass,2.0,4.0,3.5,5.6,1.6,53.5,11.1
106,Dominic Tyler,12,A,45,74,83,77,51,46,376,62.67,Ideal,Pass,3.4,3.0,2.8,1.1,1.6,5.85,10.799999999999999
107,Molly Gomez,11,B,97,59,63,52,54,44,369,61.5,Ideal,Pass,1.8,0.0,2.8,3.7,3.1,31.63,7.699999999999999
108,Kristin Rodriguez,11,C,78,51,83,54,55,58,379,63.17,Ideal,Pass,4.2,4.0,4.1,1.8,2.0,9.37,14.299999999999999
109,Rodney Lewis,12,B,65,91,71,92,64,65,448,74.67,Proficient,Pass,1.9,3.0,4.6,2.0,2.9,14.79,12.4
110,Lisa Keith,12,B,71,83,99,88,55,60,456,76.0,Proficient,Pass,4.1,1.0,4.4,1.3,2.2,3.66,11.7
111,Kathy Obrien,12,C,48,50,71,45,55,69,338,56.33,Capable,Pass,2.5,4.0,1.2,3.2,3.8,28.27,11.5
112,Natasha Shields,11,B,79,38,88,41,85,99,430,71.67,Proficient,Pass,2.2,3.0,5.0,2.9,0.6,25.05,10.799999999999999
113,Andrea Davis,11,C,77,53,52,39,71,95,387,64.5,Ideal,Pass,3.6,1.0,3.9,3.3,2.7,23.66,11.2
114,Carrie Short,11,A,67,62,54,89,49,71,392,65.33,Ideal,Pass,1.6,0.0,0.7,3.1,3.3,29.32,5.6
115,John Reid,12,A,49,98,37,100,65,53,402,67.0,Ideal,Pass,1.8,0.0,3.3,2.2,2.0,17.75,7.1
116,Brian Ford,11,C,81,43,99,99,37,84,443,73.83,Proficient,Pass,4.4,0.0,3.4,5.9,1.4,50.8,9.200000000000001
117,Jacqueline Gibson,11,B,43,79,65,48,77,52,364,60.67,Ideal,Pass,0.7,4.0,2.0,4.2,3.4,41.59,10.1
118,Emily Evans,12,C,96,58,52,43,93,39,381,63.5,Ideal,Pass,1.8,0.0,4.1,5.4,1.6,48.68,7.5
119,Jennifer Whitney,12,C,85,95,67,39,59,71,416,69.33,Ideal,Pass,2.1,0.0,4.4,2.7,0.9,22.05,7.4
120,Maria Kelley,12,B,86,91,84,78,58,98,495,82.5,Proficient,Pass,3.6,2.0,4.7,3.6,3.3,27.04,13.600000000000001
121,Mitchell Ramos,12,A,90,58,72,76,48,45,389,64.83,Ideal,Pass,2.0,2.0,1.9,4.0,2.0,38.23,7.9
122,Michael Everett,12,B,92,40,80,90,70,42,414,69.0,Ideal,Pass,0.8,5.0,2.3,3.6,3.1,36.63,11.2
123,Aaron Nguyen,11,A,53,91,39,51,43,65,342,57.0,Capable,Pass,4.0,2.0,2.1,5.7,0.6,51.83,8.7
124,Jacqueline Nelson,11,C,92,82,82,91,44,52,443,73.83,Proficient,Pass,2.9,3.0,1.9,2.4,3.9,19.55,11.700000000000001
125,Susan Cowan,11,C,58,98,84,50,68,68,426,71.0,Proficient,Pass,3.7,1.0,5.0,2.4,3.7,12.26,13.399999999999999
126,Kimberly Bradley,12,A,50,52,44,92,57,91,386,64.33,Ideal,Pass,5.0,5.0,4.9,5.9,2.8,47.22,17.7
127,Phyllis Manning,11,C,72,73,55,57,81,100,438,73.0,Proficient,Pass,1.5,1.0,4.1,2.2,2.2,18.01,8.8
128,Kathryn Ryan,12,C,82,94,51,46,43,74,390,65.0,Ideal,Pass,2.3,5.0,3.7,3.6,3.2,31.01,14.2
129,Glenn Jones,11,A,75,44,92,94,79,51,435,72.5,Proficient,Pass,4.5,4.0,3.4,1.9,3.9,9.47,15.8
130,Sarah Gallegos,12,C,42,50,54,73,56,55,330,55.0,Capable,Pass,2.0,5.0,1.5,5.7,2.3,55.99,10.8
131,Marcus Wright,12,A,67,60,70,51,73,46,367,61.17,Ideal,Pass,2.8,1.0,3.2,3.9,1.1,33.9,8.1
132,Jose Green,12,C,40,38,45,40,68,61,292,48.67,Difficult,Fail,4.0,3.0,3.3,1.2,3.6,1.1,13.9
133,Brenda Duarte,12,C,73,96,66,86,73,93,487,81.17,Proficient,Pass,0.8,0.0,1.2,3.1,2.1,33.2,4.1
134,April Williams,12,C,53,75,75,79,86,51,419,69.83,Ideal,Pass,3.9,4.0,3.0,2.6,2.1,20.16,13.0
135,Melissa Burke,12,B,66,53,47,41,72,84,363,60.5,Ideal,Pass,4.4,3.0,1.6,5.3,1.1,48.03,10.1
136,Matthew Clayton,12,C,75,59,55,98,100,94,481,80.17,Proficient,Pass,2.7,2.0,2.7,1.5,1.9,12.29,9.3
137,Susan Rogers,12,A,62,80,41,41,71,98,393,65.5,Ideal,Pass,3.2,5.0,3.5,2.4,0.5,20.8,12.2
138,Darius Smith,11,B,52,68,81,86,81,40,408,68.0,Ideal,Pass,2.3,4.0,3.0,2.8,1.5,25.9,10.8
139,Casey Welch,12,C,92,70,50,51,47,85,395,65.83,Ideal,Pass,2.2,2.0,3.0,2.8,1.0,25.48,8.2
140,Alicia Romero,12,C,40,40,39,52,77,95,343,57.17,Capable,Pass,2.8,1.0,3.2,3.6,1.6,29.9,8.6
141,Christopher Lopez,12,A,85,73,78,99,100,97,532,88.67,Excellent,Pass,3.7,2.0,2.6,1.1,1.7,7.53,10.0
142,Frank Gray,11,B,74,38,95,68,64,41,380,63.33,Ideal,Pass,3.1,1.0,2.9,4.6,3.2,38.44,10.2
143,Samuel Wolfe,12,A,66,39,49,59,37,91,341,56.83,Capable,Pass,1.9,1.0,2.4,2.0,2.3,16.02,7.6
144,Stanley Morris,12,C,42,52,61,76,96,83,410,68.33,Ideal,Pass,1.9,1.0,2.6,3.7,2.4,33.75,7.9
145,Kimberly Williams,12,C,96,59,66,70,73,63,427,71.17,Proficient,Pass,4.7,2.0,4.0,4.5,2.9,34.24,13.6
146,Sydney Taylor,12,B,96,79,70,71,50,83,449,74.83,Proficient,Pass,4.5,3.0,4.2,5.8,3.3,47.72,15.0
147,Michael Norman,12,A,71,45,79,91,67,96,449,74.83,Proficient,Pass,1.5,4.0,1.7,3.8,1.5,40.13,8.7
148,Hannah Brewer,11,C,65,66,41,63,64,41,340,56.67,Capable,Pass,1.0,2.0,3.7,1.5,3.2,10.28,9.9
149,Jason Murphy,11,C,55,87,95,96,60,71,464,77.33,Proficient,Pass,1.9,5.0,0.8,4.8,2.8,49.87,10.5
150,Justin Ortiz,11,C,39,57,88,57,39,85,365,60.83,Ideal,Pass,4.0,1.0,4.7,5.8,3.7,45.09,13.399999999999999
151,Katie Boyd,11,A,73,48,77,71,93,98,460,76.67,Proficient,Pass,4.5,1.0,4.3,3.3,1.2,24.28,11.0
152,Joseph Morton,11,B,55,93,67,58,36,78,387,64.5,Ideal,Pass,4.1,4.0,3.5,2.0,2.6,11.88,14.2
153,Madeline Jones,12,B,100,76,46,86,47,58,413,68.83,Ideal,Pass,4.9,3.0,2.0,2.2,1.4,15.9,11.3
154,Peter Harrison,11,B,69,77,73,36,68,81,404,67.33,Ideal,Pass,3.6,0.0,3.5,3.3,1.1,25.96,8.2
155,Randy Velasquez,12,C,50,72,82,63,63,52,382,63.67,Ideal,Pass,2.7,3.0,3.9,4.0,2.0,34.22,11.6
156,Kevin Kelley,12,C,62,66,45,92,81,44,390,65.0,Ideal,Pass,4.6,0.0,0.8,3.7,2.3,30.34,7.699999999999999
157,Tanner Anderson,11,A,76,91,49,61,97,46,420,70.0,Proficient,Pass,4.5,3.0,4.1,3.3,2.3,23.59,13.899999999999999
158,Amber Mata,12,C,42,94,74,37,85,67,399,66.5,Ideal,Pass,4.2,5.0,1.5,1.4,2.0,10.1,12.7
159,Andrea Pennington,11,C,42,43,95,39,71,87,377,62.83,Ideal,Pass,1.3,1.0,3.9,5.9,2.8,53.97,9.0
160,Derek Chavez,12,B,83,92,83,83,45,52,438,73.0,Proficient,Pass,3.4,2.0,1.0,6.0,1.9,57.72,8.3
161,Whitney Hill,11,C,63,35,37,73,94,89,391,65.17,Ideal,Pass,2.9,1.0,1.6,2.7,1.5,24.02,7.0
162,Nicole Suarez,11,A,88,37,65,61,43,47,341,56.83,Capable,Pass,3.2,3.0,3.2,4.5,0.7,40.14,10.1
163,Katherine Thompson,11,B,91,64,62,42,52,99,410,68.33,Ideal,Pass,5.0,1.0,4.2,4.7,1.6,36.11,11.799999999999999
164,William Duran,12,A,73,53,63,87,73,70,419,69.83,Ideal,Pass,0.8,4.0,4.5,5.6,2.7,53.39,12.0
165,Stephen Solis,12,C,98,41,79,83,75,88,464,77.33,Proficient,Pass,2.3,2.0,2.2,4.8,2.2,46.19,8.7
166,Lindsay Blair,11,B,53,94,42,87,88,52,416,69.33,Ideal,Pass,2.2,2.0,1.4,4.2,3.7,38.99,9.3
167,Christopher Fleming,12,A,59,41,69,83,40,44,336,56.0,Capable,Pass,1.3,4.0,3.8,3.8,2.2,34.66,11.3
168,Gail Evans,12,B,36,62,59,50,96,66,369,61.5,Ideal,Pass,3.6,5.0,1.4,5.6,2.4,52.47,12.4
169,Emily Richards,12,B,94,80,74,68,81,100,497,82.83,Proficient,Pass,4.5,3.0,0.9,5.9,2.1,55.91,10.5
170,Brian Gutierrez,12,A,82,75,87,40,63,53,400,66.67,Ideal,Pass,0.6,4.0,4.7,3.9,2.0,37.02,11.3
171,Jack Taylor,11,A,77,64,83,66,98,78,466,77.67,Proficient,Pass,1.7,3.0,4.8,4.2,2.2,38.03,11.7
172,Judy Fox,11,C,80,56,52,97,58,42,385,64.17,Ideal,Pass,2.9,0.0,4.8,4.3,3.2,32.58,10.899999999999999
173,Cynthia Poole,12,A,64,43,54,36,62,99,358,59.67,Capable,Pass,2.6,0.0,3.3,4.3,2.7,35.58,8.600000000000001
174,Catherine Dixon,12,C,97,37,35,87,36,37,329,54.83,Capable,Pass,2.9,2.0,2.9,2.4,2.3,17.57,10.100000000000001
175,Jennifer Reed,12,A,48,47,54,65,59,67,340,56.67,Capable,Pass,4.2,2.0,4.1,1.4,3.9,1.44,14.200000000000001
176,Diana Marshall,12,C,66,63,73,45,39,46,332,55.33,Capable,Pass,2.3,3.0,3.0,1.3,0.5,10.33,8.8
177,William Bryant,11,A,98,90,77,47,40,64,416,69.33,Ideal,Pass,1.5,5.0,4.5,3.4,0.7,32.84,11.7
178,Jeremy Johnson,11,C,70,39,57,75,37,61,339,56.5,Capable,Pass,3.1,5.0,4.2,5.6,1.5,49.85,13.8
179,Whitney Hicks,11,C,84,77,84,52,45,99,441,73.5,Proficient,Pass,3.9,2.0,0.7,3.2,3.4,27.42,10.0
180,Kelsey Le,12,C,85,76,38,69,92,97,457,76.17,Proficient,Pass,1.5,4.0,4.7,3.2,2.9,28.09,13.1
181,Patricia Hughes,12,A,72,66,44,45,69,54,350,58.33,Capable,Pass,2.2,5.0,1.2,2.9,1.8,28.97,10.200000000000001
182,Lisa Adams,11,A,74,91,81,69,48,51,414,69.0,Ideal,Pass,0.9,3.0,2.5,3.8,1.9,38.57,8.3
183,Sabrina Phillips,11,A,80,46,76,84,36,72,394,65.67,Ideal,Pass,2.4,0.0,3.8,3.8,4.0,29.27,10.2
184,Richard Oliver,11,C,56,83,56,52,69,73,389,64.83,Ideal,Pass,1.7,1.0,0.8,3.2,2.0,31.98,5.5
185,Eric Martin,12,A,81,67,66,98,60,93,465,77.5,Proficient,Pass,1.0,2.0,0.5,3.0,3.4,31.92,6.9
186,Tammy Lewis,12,B,91,77,90,52,73,76,459,76.5,Proficient,Pass,3.2,5.0,1.4,2.6,3.9,22.97,13.5
187,Paul Hoffman,12,B,97,66,76,83,70,85,477,79.5,Proficient,Pass,2.1,4.0,1.4,6.0,1.1,62.33,8.6
188,Amber Blair,11,C,94,61,91,72,43,87,448,74.67,Proficient,Pass,3.5,1.0,3.4,2.2,2.8,14.51,10.7
189,Holly Wang,12,B,44,92,96,86,99,88,505,84.17,Proficient,Pass,2.9,2.0,3.7,5.1,2.6,45.95,11.200000000000001
190,Travis Mcguire,11,A,66,80,56,40,86,77,405,67.5,Ideal,Pass,4.8,3.0,1.0,1.5,1.3,10.59,10.100000000000001
191,Michael Ortega,11,B,82,85,94,99,54,79,493,82.17,Proficient,Pass,5.0,3.0,1.0,3.1,3.9,24.54,12.9
192,Brittney Carter,11,C,53,79,74,78,93,61,438,73.0,Proficient,Pass,2.8,2.0,2.6,3.2,2.9,27.32,10.3
193,Jennifer Douglas,12,A,73,40,49,37,78,48,325,54.17,Capable,Pass,3.5,1.0,4.7,4.7,2.3,36.11,11.5
194,Ashley Lee,11,B,89,94,64,86,58,58,449,74.83,Proficient,Pass,3.4,3.0,2.3,4.7,3.6,41.41,12.299999999999999
195,Destiny Smith,12,C,89,84,35,62,61,70,401,66.83,Ideal,Pass,3.9,0.0,3.1,5.0,2.4,41.35,9.4
196,Robert Stein,12,B,60,93,49,68,97,75,442,73.67,Proficient,Pass,3.2,4.0,2.3,1.6,1.7,13.48,11.2
197,Johnny Miller,12,C,57,73,45,52,75,50,352,58.67,Capable,Pass,1.6,0.0,1.3,4.5,2.3,42.96,5.2
198,Andrew Hickman,12,C,52,84,89,58,97,57,437,72.83,Proficient,Pass,3.0,3.0,1.8,1.9,3.4,15.0,11.2
199,Heather Berger,11,B,36,97,52,59,84,99,427,71.17,Proficient,Pass,3.4,3.0,3.6,3.1,3.4,23.34,13.4
200,Maria Horton,12,A,45,38,63,72,39,70,327,54.5,Capable,Pass,1.5,2.0,1.3,3.3,3.1,30.78,7.9
201,Matthew Chapman,12,C,100,49,49,69,81,40,388,64.67,Ideal,Pass,3.9,3.0,3.0,5.9,0.9,53.59,10.8
202,Sean Mitchell,11,B,39,92,68,79,46,91,415,69.17,Ideal,Pass,4.4,0.0,4.0,2.2,3.3,10.16,11.7
203,Mitchell Griffith,12,C,89,56,52,61,61,42,361,60.17,Ideal,Pass,3.1,4.0,1.8,3.7,1.6,34.2,10.5
204,Megan Sanchez,12,B,69,100,47,52,87,42,397,66.17,Ideal,Pass,5.0,5.0,1.1,5.3,1.4,48.79,12.5
205,Joseph White,12,A,85,97,53,69,88,83,475,79.17,Proficient,Pass,2.5,5.0,4.1,4.8,1.9,44.99,13.5
206,Jamie Aguilar,12,C,82,93,97,76,35,46,429,71.5,Proficient,Pass,3.8,3.0,3.4,4.5,3.5,36.75,13.7
207,Mitchell Clark,12,A,89,62,98,69,76,71,465,77.5,Proficient,Pass,2.0,4.0,1.1,5.3,3.3,53.14,10.399999999999999
208,George Daniel,11,A,47,93,37,50,55,91,373,62.17,Ideal,Pass,2.6,3.0,1.4,4.4,1.0,43.22,8.0
209,Rita Harrell,12,A,70,46,81,67,45,82,391,65.17,Ideal,Pass,3.5,5.0,1.2,3.0,1.6,28.3,11.299999999999999
210,Stephanie Johnson,11,B,46,47,35,62,96,44,330,55.0,Capable,Pass,1.1,1.0,2.8,3.2,0.5,31.0,5.4
211,Amanda Webb,12,A,89,51,96,44,64,84,428,71.33,Proficient,Pass,0.9,0.0,1.0,2.8,1.5,30.03,3.4
212,Ryan Johnson,12,A,53,43,36,56,91,79,358,59.67,Capable,Pass,3.8,5.0,3.9,5.6,2.7,47.78,15.400000000000002
213,Karen Wolf,12,A,46,47,52,50,84,79,358,59.67,Capable,Pass,4.8,2.0,4.1,2.2,2.8,9.86,13.7
214,Vanessa Spencer,11,C,71,38,73,61,100,59,402,67.0,Ideal,Pass,3.9,2.0,3.4,4.9,3.3,39.84,12.600000000000001
215,Brenda Hurst,11,B,84,49,65,98,44,36,376,62.67,Ideal,Pass,4.9,2.0,1.1,5.3,2.5,45.82,10.5
216,Linda Wolfe,12,C,57,95,44,37,43,36,312,52.0,Capable,Pass,1.7,0.0,4.7,5.7,1.9,49.47,8.3
217,Julie Rivera,12,C,99,88,89,86,45,54,461,76.83,Proficient,Pass,1.7,2.0,0.9,5.6,3.9,55.25,8.5
218,Donna Johnson,11,C,76,85,43,74,90,65,433,72.17,Proficient,Pass,0.8,0.0,4.7,1.6,2.6,11.45,8.1
219,Dana Oliver,11,B,57,50,36,52,36,55,286,47.67,Difficult,Fail,2.7,2.0,2.9,4.9,3.0,41.42,10.6
220,Alyssa Mcintyre,11,B,51,69,50,38,77,89,374,62.33,Ideal,Pass,1.7,0.0,1.7,5.9,2.7,56.04,6.1
221,Elizabeth Rivera,12,B,100,81,42,98,56,82,459,76.5,Proficient,Pass,1.2,0.0,4.5,4.4,0.9,41.42,6.6000000000000005
222,Zachary Hays,11,A,36,66,40,95,81,84,402,67.0,Ideal,Pass,4.6,1.0,4.7,5.3,2.4,41.07,12.700000000000001
223,Craig Johnson,12,A,76,66,88,75,69,44,418,69.67,Ideal,Pass,3.1,0.0,2.8,5.5,1.1,50.25,7.0
224,Kyle Brown,11,B,43,94,71,74,76,46,404,67.33,Ideal,Pass,3.0,0.0,2.2,2.5,3.2,18.59,8.4
225,Aaron Frost,11,B,82,98,60,66,54,35,395,65.83,Ideal,Pass,4.7,0.0,1.5,2.7,3.4,17.85,9.6
226,Kathryn Nelson,11,B,35,83,74,48,61,65,366,61.0,Ideal,Pass,2.4,0.0,4.9,1.7,1.5,9.15,8.8
227,Joseph Jacobs,11,A,87,82,93,45,47,99,453,75.5,Proficient,Pass,1.1,3.0,0.8,3.8,2.0,41.25,6.8999999999999995
228,Shane Smith,11,A,72,68,75,85,76,75,451,75.17,Proficient,Pass,2.5,1.0,0.8,2.0,3.2,17.98,7.5
229,Karen Lee,11,A,48,56,92,94,75,87,452,75.33,Proficient,Pass,1.0,2.0,4.8,2.0,1.6,17.41,9.4
230,Emily Stephens,12,A,46,55,73,40,62,76,352,58.67,Capable,Pass,1.2,5.0,1.6,2.8,2.3,28.81,10.100000000000001
231,Christopher Davis,12,B,57,38,86,92,66,47,386,64.33,Ideal,Pass,2.6,1.0,1.0,1.3,3.2,9.39,7.8
232,Tammy Ramirez,11,A,60,86,82,45,68,44,385,64.17,Ideal,Pass,0.6,0.0,1.4,4.2,3.3,41.16,5.3
233,Marilyn Jimenez,11,B,50,40,94,41,56,90,371,61.83,Ideal,Pass,4.2,3.0,2.7,2.9,2.0,21.83,11.9
234,Maria Scott,12,A,58,70,70,92,54,39,383,63.83,Ideal,Pass,3.3,4.0,1.6,2.5,1.9,22.1,10.8
235,Amanda Collins,12,A,46,70,84,52,88,60,400,66.67,Ideal,Pass,3.4,4.0,1.6,6.0,2.4,56.59,11.4
236,Rebecca Marks,11,B,80,96,97,79,99,76,527,87.83,Excellent,Pass,2.2,1.0,0.6,4.0,0.6,43.26,4.4
237,Jacob Terry,12,A,95,80,64,55,47,66,407,67.83,Ideal,Pass,3.5,2.0,2.9,5.0,3.1,42.71,11.5
238,Alyssa Coleman,11,C,84,80,57,57,65,75,418,69.67,Ideal,Pass,4.1,5.0,2.1,4.0,3.0,34.52,14.2
239,Amanda Hill,12,C,53,59,98,74,57,97,438,73.0,Proficient,Pass,0.7,0.0,1.5,2.1,2.3,21.89,4.5
240,Terri Tran,11,B,60,51,78,57,76,42,364,60.67,Ideal,Pass,0.6,4.0,3.7,1.7,0.9,17.24,9.200000000000001
241,Stephanie Foley,12,A,82,85,47,78,73,76,441,73.5,Proficient,Pass,1.1,1.0,3.8,3.2,2.7,28.71,8.600000000000001
242,Jennifer Wagner,12,C,75,57,80,63,57,83,415,69.17,Ideal,Pass,1.9,5.0,1.8,1.9,0.5,21.32,9.200000000000001
243,Patrick Rose,12,C,39,58,75,63,48,98,381,63.5,Ideal,Pass,1.1,5.0,0.9,2.7,1.6,30.38,8.6
244,Melissa Hayes,11,C,77,92,36,68,61,66,400,66.67,Ideal,Pass,3.6,2.0,1.7,1.5,0.5,12.32,7.8
245,Darlene Ray,12,B,88,56,87,98,83,79,491,81.83,Proficient,Pass,3.0,0.0,4.2,4.9,2.5,41.88,9.7
246,Matthew Gomez,11,A,92,44,39,72,37,75,359,59.83,Capable,Pass,1.7,0.0,0.8,1.9,1.8,18.22,4.3
247,Russell Carpenter,11,C,46,78,96,38,90,56,404,67.33,Ideal,Pass,3.2,3.0,1.2,1.5,1.2,13.59,8.6
248,Robert Clark,11,B,68,71,73,65,47,41,365,60.83,Ideal,Pass,2.3,4.0,4.3,1.8,1.8,12.87,12.4
249,Collin Jordan,12,A,72,96,60,47,38,61,374,62.33,Ideal,Pass,1.3,2.0,4.9,3.4,0.9,30.2,9.1
250,Joseph Davidson,12,B,97,68,46,84,58,82,435,72.5,Proficient,Pass,4.5,2.0,1.3,1.2,2.0,6.9,9.8
251,Christopher Tucker,12,A,69,42,54,47,45,79,336,56.0,Capable,Pass,4.1,3.0,4.9,3.9,2.4,27.67,14.4
252,Troy Sanchez,12,C,88,95,65,95,73,45,461,76.83,Proficient,Pass,2.3,5.0,0.7,3.9,2.3,40.77,10.3
253,Gabriel Parker,11,A,92,57,56,62,59,51,377,62.83,Ideal,Pass,0.7,0.0,4.9,3.2,4.0,24.73,9.600000000000001
254,Eric Alexander,11,C,68,75,43,46,84,85,401,66.83,Ideal,Pass,3.0,2.0,2.8,5.6,0.5,52.88,8.3
255,Joyce Arnold,12,A,88,54,53,47,48,47,337,56.17,Capable,Pass,4.0,4.0,4.5,5.4,1.4,45.19,13.9
256,Renee Jones,12,C,95,39,57,70,86,53,400,66.67,Ideal,Pass,3.3,5.0,3.6,1.2,3.6,4.85,15.5
257,Ronald Norris,12,C,65,41,95,69,82,37,389,64.83,Ideal,Pass,2.0,2.0,1.9,5.2,3.5,48.43,9.4
258,Robert Ramirez,11,A,52,73,91,76,69,88,449,74.83,Proficient,Pass,3.2,0.0,1.3,2.1,3.4,16.05,7.9
259,Melissa Villarreal,12,C,82,42,100,55,43,74,396,66.0,Ideal,Pass,3.7,3.0,1.1,5.3,3.6,47.73,11.4
260,Margaret Robertson,11,A,59,60,42,66,39,93,359,59.83,Capable,Pass,0.7,2.0,3.7,2.4,3.4,19.95,9.8
261,Samuel Jenkins,12,C,50,38,65,82,97,92,424,70.67,Proficient,Pass,1.3,3.0,3.1,2.7,1.1,27.0,8.5
262,Albert Bradley,12,C,46,71,38,84,41,55,335,55.83,Capable,Pass,4.3,1.0,4.4,4.2,2.9,29.4,12.6
263,Jodi Evans,12,C,87,100,37,36,95,51,406,67.67,Ideal,Pass,3.4,4.0,4.1,2.1,2.6,13.7,14.1
264,Tracy Hernandez,12,C,70,89,83,79,93,67,481,80.17,Proficient,Pass,1.5,2.0,3.5,5.1,1.9,49.49,8.9
265,Bryan James,11,A,100,82,71,73,48,96,470,78.33,Proficient,Pass,0.8,2.0,3.4,5.3,1.4,53.45,7.6
266,Bradley Gonzalez,12,A,54,65,42,86,75,52,374,62.33,Ideal,Pass,3.7,5.0,2.7,2.5,3.7,17.84,15.099999999999998
267,Troy Khan,12,B,39,59,78,63,95,80,414,69.0,Ideal,Pass,2.8,1.0,4.3,5.4,1.1,48.03,9.2
268,Julie Obrien,11,B,51,68,58,77,46,63,363,60.5,Ideal,Pass,2.1,5.0,4.4,3.1,3.6,24.43,15.1
269,Jon Smith,12,B,72,94,50,95,41,44,396,66.0,Ideal,Pass,2.6,1.0,2.8,5.3,1.8,48.54,8.200000000000001
270,Jeffrey Lawrence,12,B,41,54,52,60,78,87,372,62.0,Ideal,Pass,4.9,3.0,1.1,5.3,1.1,47.93,10.1
271,Devin Clark,11,B,77,57,75,42,35,92,378,63.0,Ideal,Pass,1.7,1.0,3.1,1.8,3.2,12.91,9.0
272,Loretta Potter,11,A,90,89,86,89,96,84,534,89.0,Excellent,Pass,0.5,4.0,1.4,2.9,0.5,36.2,6.4
273,Carrie Wolf,12,C,59,37,35,66,63,79,339,56.5,Capable,Pass,1.9,0.0,2.2,3.9,1.1,36.23,5.199999999999999
274,Anthony Spencer,11,B,72,93,78,90,52,78,463,77.17,Proficient,Pass,5.0,3.0,2.1,1.9,3.8,10.51,13.899999999999999
275,Elizabeth Hodge,12,A,64,63,51,62,37,99,376,62.67,Ideal,Pass,1.3,2.0,3.7,5.0,1.8,46.96,8.8
276,Reginald Robinson,12,C,41,41,48,37,41,49,257,42.83,Difficult,Fail,2.4,3.0,1.1,2.3,3.0,18.73,9.5
277,Dennis Wilson,11,C,36,73,88,47,69,52,365,60.83,Ideal,Pass,2.4,0.0,2.8,4.1,1.5,36.28,6.699999999999999
278,Shawn Chambers,11,B,60,60,68,60,80,87,415,69.17,Ideal,Pass,1.8,0.0,3.0,5.6,2.9,51.34,7.699999999999999
279,Gina Fox,12,B,65,35,36,46,49,98,329,54.83,Capable,Pass,1.2,0.0,4.0,1.4,3.0,7.48,8.2
280,Jeff Shields,12,C,64,93,72,68,94,41,432,72.0,Proficient,Pass,0.9,1.0,4.4,5.3,1.8,50.14,8.100000000000001
281,Jeffrey Robinson,12,B,49,47,40,36,52,56,280,46.67,Difficult,Fail,2.0,3.0,4.8,2.3,3.1,14.25,12.9
282,Sean Davies,12,B,58,49,86,86,93,69,441,73.5,Proficient,Pass,4.3,5.0,4.3,5.0,2.8,41.44,16.400000000000002
283,Amanda Erickson,11,A,51,42,55,48,88,96,380,63.33,Ideal,Pass,4.1,5.0,2.5,4.1,3.2,34.04,14.8
284,Justin Hendricks,11,C,51,96,97,49,87,91,471,78.5,Proficient,Pass,0.7,2.0,3.4,1.1,3.5,9.15,9.6
285,Albert Ballard,11,C,78,47,90,66,96,79,456,76.0,Proficient,Pass,3.5,5.0,2.2,5.2,2.5,48.8,13.2
286,Amy Li,11,A,55,99,95,98,56,44,447,74.5,Proficient,Pass,3.9,2.0,1.6,5.9,0.7,56.41,8.2
287,Thomas Pierce,11,C,83,86,65,45,93,91,463,77.17,Proficient,Pass,4.1,3.0,0.9,3.5,1.6,32.75,9.6
288,Michelle Wright,12,C,37,48,86,87,39,35,332,55.33,Capable,Pass,4.2,4.0,4.8,4.2,3.6,29.61,16.6
289,Corey Schultz,11,C,93,78,81,41,63,93,449,74.83,Proficient,Pass,2.0,4.0,3.2,4.6,1.8,44.52,11.0
290,Lindsay Francis,12,A,47,63,35,78,80,72,375,62.5,Ideal,Pass,3.0,2.0,3.7,1.2,1.1,6.38,9.799999999999999
291,Matthew Klein,11,C,87,48,67,60,59,50,371,61.83,Ideal,Pass,4.7,3.0,1.5,5.1,1.2,45.59,10.399999999999999
292,Henry Lewis,12,A,88,40,50,92,93,99,462,77.0,Proficient,Pass,1.1,3.0,0.5,4.7,2.4,50.37,7.0
293,Michael Morales,12,C,96,100,57,57,51,48,409,68.17,Ideal,Pass,2.2,4.0,3.2,2.6,3.6,21.3,13.0
294,Shawn Edwards,12,C,66,70,85,78,72,92,463,77.17,Proficient,Pass,4.1,1.0,2.4,4.5,3.1,37.7,10.6
295,Kevin Williams,12,C,75,62,60,61,72,79,409,68.17,Ideal,Pass,4.6,1.0,4.9,4.3,3.9,29.09,14.4
296,Alicia Hammond,12,C,49,80,96,88,71,89,473,78.83,Proficient,Pass,4.1,4.0,1.0,2.9,0.7,28.34,9.799999999999999
297,Manuel Brewer,11,A,69,55,71,67,53,42,357,59.5,Capable,Pass,3.6,2.0,1.4,3.7,1.8,32.49,8.8
298,Elizabeth Travis,12,A,63,84,65,100,71,41,424,70.67,Proficient,Pass,2.745536609829488,3.0,2.4,4.9,2.9,41.09,11.045536609829488
299,Lisa Martin,11,A,67,60,91,63,82,60,423,70.5,Proficient,Pass,4.0,1.0,1.8,1.9,2.9,12.37,9.7
300,David Dudley,11,A,100,50,83,40,89,70,432,72.0,Proficient,Pass,3.0,1.0,1.2,5.2,0.5,51.3,5.7
301,Shelley Woods,12,C,54,40,54,76,41,73,338,56.33,Capable,Pass,2.7,4.0,3.0,1.4,3.0,8.13,12.7
302,Jane Mason,11,A,43,99,55,88,86,46,417,69.5,Ideal,Pass,2.1,1.0,3.5,2.7,1.5,23.2,8.1
303,Timothy Morales,12,C,36,49,79,92,65,66,387,64.5,Ideal,Pass,4.8,5.0,4.5,2.9,3.3,17.64,17.6
304,Jeffery Wagner,11,B,67,71,38,82,100,100,458,76.33,Proficient,Pass,2.5,0.0,1.8,4.3,1.6,41.01,5.9
305,Nancy Edwards,11,A,56,35,43,61,62,89,346,57.67,Capable,Pass,4.3,1.0,2.9,4.5,3.9,33.64,12.1
306,Martha Drake,12,C,44,54,38,93,77,39,345,57.5,Capable,Pass,0.9,0.0,1.3,2.3,0.7,24.16,2.9000000000000004
307,Jennifer Garcia,11,B,87,84,92,86,90,75,514,85.67,Excellent,Pass,0.6,5.0,1.0,1.0,3.0,14.77,9.6
308,Ryan Simon,11,C,40,44,80,99,48,72,383,63.83,Ideal,Pass,4.0,2.0,3.2,2.4,3.7,14.14,12.899999999999999
309,Luis Owens,12,B,38,95,55,63,52,85,388,64.67,Ideal,Pass,4.1,4.0,1.8,4.2,1.5,37.77,11.4
310,Kimberly Johnson,12,A,53,50,40,35,85,45,308,51.33,Capable,Pass,1.9,5.0,3.8,4.6,1.2,42.69,11.899999999999999
311,Stacy Rodriguez,11,A,58,63,67,59,49,58,354,59.0,Capable,Pass,3.5,4.0,4.3,5.3,3.8,42.89,15.600000000000001
312,Krystal Bradley,12,C,44,72,43,67,47,60,333,55.5,Capable,Pass,3.8,3.0,4.8,2.8,2.8,16.89,14.399999999999999
313,Desiree Bailey,11,A,71,43,59,75,97,92,437,72.83,Proficient,Pass,2.0,5.0,1.9,3.9,2.5,38.93,11.4
314,Marie Davis,12,B,89,56,35,75,66,63,384,64.0,Ideal,Pass,3.7,5.0,2.5,5.2,1.0,48.55,12.2
315,Jeffrey Dudley,12,B,94,92,80,74,97,48,485,80.83,Proficient,Pass,1.3,4.0,0.9,2.4,3.4,26.05,9.6
316,Ashley Andrews,11,B,44,44,37,99,38,86,348,58.0,Capable,Pass,4.0,1.0,4.6,3.8,2.4,26.52,12.0
317,Mary Dunn,12,C,54,81,85,63,72,52,407,67.83,Ideal,Pass,2.6,4.0,0.9,2.8,0.5,29.63,8.0
318,Patty Singleton,11,C,56,100,52,92,55,57,412,68.67,Ideal,Pass,3.0,4.0,3.5,5.8,3.1,51.9,13.6
319,Robert Soto,12,B,40,63,97,64,43,68,375,62.5,Ideal,Pass,2.2,0.0,3.5,3.6,3.3,28.64,9.0
320,Amber Vance,12,B,93,40,40,76,48,70,367,61.17,Ideal,Pass,4.3,2.0,3.1,3.9,1.8,30.71,11.200000000000001
321,Lisa Pearson,12,B,44,67,83,63,86,80,423,70.5,Proficient,Pass,4.2,2.0,2.7,3.4,2.6,26.48,11.5
322,Melanie Gibson,11,B,56,64,44,100,70,62,396,66.0,Ideal,Pass,1.2,1.0,2.1,4.6,0.9,46.47,5.200000000000001
323,John Caldwell,11,B,77,49,96,96,96,61,475,79.17,Proficient,Pass,3.2,5.0,4.3,1.1,0.7,7.73,13.2
324,Lori Oconnell,11,A,100,40,53,42,56,68,359,59.83,Capable,Pass,4.7,4.0,4.8,4.0,2.5,28.38,16.0
325,Michael Brown,11,C,71,45,62,92,95,96,461,76.83,Proficient,Pass,1.3,3.0,3.2,5.0,3.4,47.7,10.9
326,Laura Henderson,11,C,100,68,56,78,93,43,438,73.0,Proficient,Pass,2.745536609829488,3.0,1.1,1.1,2.3,12.39,9.145536609829488
327,Jeremy Roberts,12,A,47,57,95,39,99,50,387,64.5,Ideal,Pass,0.9,5.0,1.1,4.0,3.4,41.42,10.4
328,Kimberly Palmer,12,C,88,82,40,89,64,96,459,76.5,Proficient,Pass,4.1,3.0,2.1,5.0,3.7,43.36,12.899999999999999
329,Alexandra Donovan,11,B,52,67,96,64,45,71,395,65.83,Ideal,Pass,3.2,4.0,2.3,1.9,3.0,14.13,12.5
330,Derrick Cook,11,C,50,35,83,61,75,87,391,65.17,Ideal,Pass,2.1,1.0,2.4,3.9,1.4,36.54,6.9
331,Debra Harrington,12,C,81,70,85,61,87,96,480,80.0,Proficient,Pass,1.3,4.0,3.0,2.3,1.6,23.98,9.9
332,Hailey Johnson,12,C,85,52,50,64,92,55,398,66.33,Ideal,Pass,1.0,4.0,2.3,2.7,2.4,27.3,9.7
333,Sarah Pope,11,A,84,35,46,53,95,90,403,67.17,Ideal,Pass,0.9,2.0,1.5,1.4,0.6,16.95,5.0
334,Angela Jones,12,B,71,42,57,98,91,36,395,65.83,Ideal,Pass,1.4,5.0,4.7,3.6,1.2,33.79,12.3
335,Heather Taylor,11,C,56,39,81,65,35,55,331,55.17,Capable,Pass,0.9,2.0,4.0,2.8,1.9,24.44,8.8
336,Brian Decker,11,C,36,43,46,71,79,79,354,59.0,Capable,Pass,4.8,2.0,1.5,5.8,2.1,50.53,10.4
337,April Owen,12,C,35,68,57,87,99,48,394,65.67,Ideal,Pass,3.0,4.0,1.8,5.7,3.3,52.91,12.100000000000001
338,Dustin Schmidt,12,C,67,91,83,96,66,78,481,80.17,Proficient,Pass,4.8,3.0,3.6,5.5,3.5,45.32,14.9
339,Lee Charles,12,A,68,43,83,63,64,75,396,66.0,Ideal,Pass,2.4,2.0,2.8,1.0,3.4,4.52,10.6
340,Sabrina White,11,B,46,86,78,44,57,95,406,67.67,Ideal,Pass,1.9,1.0,4.5,2.3,3.8,15.16,11.2
341,Thomas Green,11,B,60,65,65,68,61,64,383,63.83,Ideal,Pass,1.4,1.0,4.3,2.8,3.2,21.79,9.899999999999999
342,Elizabeth Mcmillan,11,A,98,35,40,96,82,75,426,71.0,Proficient,Pass,2.7,4.0,4.4,3.5,3.9,27.42,15.000000000000002
343,Andrew Lee,12,B,63,51,41,89,96,39,379,63.17,Ideal,Pass,2.8,3.0,4.4,4.9,2.1,42.1,12.299999999999999
344,Mark Austin,11,C,93,75,36,36,61,83,384,64.0,Ideal,Pass,3.1,2.0,2.1,5.3,1.2,49.61,8.399999999999999
345,Melissa White,12,A,69,95,78,81,58,98,479,79.83,Proficient,Pass,2.4,3.0,3.7,2.9,3.5,23.93,12.600000000000001
346,Paula Cole,12,B,58,51,64,47,69,65,354,59.0,Capable,Pass,3.0,3.0,1.4,5.0,3.1,45.58,10.5
347,John Charles,12,A,57,88,98,52,75,97,467,77.83,Proficient,Pass,1.9,4.0,4.4,1.2,0.8,10.42,11.100000000000001
348,Natasha Decker,11,A,62,67,95,47,92,77,440,73.33,Proficient,Pass,1.7,2.0,3.0,5.7,1.4,55.75,8.1
349,Jonathan Fletcher,11,B,50,79,60,57,71,80,397,66.17,Ideal,Pass,2.0,4.0,2.7,4.7,3.6,43.25,12.299999999999999
350,Robin Thompson,12,C,71,94,53,56,78,88,440,73.33,Proficient,Pass,3.3,4.0,2.3,5.5,0.8,53.32,10.4
351,Kelly Brooks,12,A,75,75,72,69,85,69,445,74.17,Proficient,Pass,4.5,2.0,3.9,3.6,2.1,27.05,12.5
352,Richard Donovan,11,A,37,51,65,67,45,61,326,54.33,Capable,Pass,1.3,0.0,0.9,5.7,2.2,55.84,4.4
353,Lisa Evans,11,A,85,45,48,68,54,45,345,57.5,Capable,Pass,3.4,3.0,1.9,2.2,1.5,17.8,9.8
354,Tracy Whitehead,11,A,56,38,39,80,76,95,384,64.0,Ideal,Pass,2.6,4.0,4.7,3.7,1.0,31.95,12.3
355,Daniel Gordon,11,C,93,90,74,79,96,64,496,82.67,Proficient,Pass,4.1,3.0,1.9,3.1,1.0,28.52,10.0
356,Donald Bailey,11,A,52,79,71,95,36,97,430,71.67,Proficient,Pass,4.8,3.0,1.8,4.8,3.3,40.41,12.899999999999999
357,Pamela Paul,11,A,82,59,87,90,85,66,469,78.17,Proficient,Pass,1.2,5.0,3.4,5.1,1.3,52.26,10.9
358,Theresa Long,11,B,65,69,71,69,87,59,420,70.0,Proficient,Pass,4.3,1.0,1.1,1.6,2.1,10.73,8.5
359,Natalie Woods,12,B,97,59,76,37,54,41,364,60.67,Ideal,Pass,4.9,0.0,1.3,1.5,1.4,7.64,7.6
360,Gary Lawson,12,C,36,64,46,54,36,98,334,55.67,Capable,Pass,1.5,3.0,1.9,5.0,4.0,46.42,10.4
361,Erica Le,12,C,39,77,45,53,42,69,325,54.17,Capable,Pass,4.0,0.0,2.9,1.9,3.6,7.75,10.5
362,Christopher Hayden,12,B,36,50,66,84,91,66,393,65.5,Ideal,Pass,3.8,0.0,1.4,4.7,0.8,42.89,5.999999999999999
363,Mathew Aguilar,11,B,84,74,76,55,40,50,379,63.17,Ideal,Pass,1.6,5.0,1.8,2.8,0.7,30.08,9.1
364,Jeffrey Velasquez,11,A,65,90,76,36,56,70,393,65.5,Ideal,Pass,3.1,3.0,4.1,1.0,0.6,4.98,10.799999999999999
365,Tina Cardenas,12,C,54,82,46,66,55,98,401,66.83,Ideal,Pass,0.9,4.0,2.0,5.8,3.2,58.04,10.100000000000001
366,Joshua Knight,11,A,80,54,48,51,97,64,394,65.67,Ideal,Pass,1.9,4.0,4.0,4.8,3.3,42.81,13.2
367,Nicholas Johnson,12,C,59,37,83,80,52,67,378,63.0,Ideal,Pass,4.5,3.0,3.7,3.8,2.4,28.37,13.6
368,Jesse Benson,12,A,58,79,76,94,70,55,432,72.0,Proficient,Pass,0.8,1.0,2.5,5.1,2.4,50.47,6.699999999999999
369,Bryan Parsons,12,A,99,83,58,37,81,65,423,70.5,Proficient,Pass,1.9,0.0,3.5,3.7,1.9,32.72,7.300000000000001
370,Todd Lewis,12,C,54,71,76,87,76,49,413,68.83,Ideal,Pass,0.9,5.0,0.8,5.2,1.0,57.18,7.7
371,Todd Hardy,11,A,48,97,59,47,39,84,374,62.33,Ideal,Pass,3.5,4.0,3.3,4.0,0.7,35.44,11.5
372,Julia Moore,11,C,44,36,61,97,45,94,377,62.83,Ideal,Pass,4.1,0.0,2.1,4.7,3.6,37.61,9.799999999999999
373,Brittany Kane,12,C,42,69,40,44,73,44,312,52.0,Capable,Pass,4.8,4.0,0.9,4.6,2.4,39.37,12.100000000000001
374,Kelly Roberts,11,A,66,57,88,48,80,93,432,72.0,Proficient,Pass,3.7,3.0,4.5,1.8,1.1,11.23,12.299999999999999
375,David Richardson,12,C,78,55,91,80,75,76,455,75.83,Proficient,Pass,4.3,3.0,3.9,3.2,3.0,23.03,14.2
376,Jody Meza,11,C,62,83,67,81,92,92,477,79.5,Proficient,Pass,4.8,2.560682046138415,3.8,5.9,2.6,48.53,13.760682046138415
377,Katherine Garrett,11,B,35,73,63,62,75,37,345,57.5,Capable,Pass,4.0,5.0,4.2,5.6,2.3,47.19,15.5
378,Sarah Jones,11,A,39,93,80,54,52,68,386,64.33,Ideal,Pass,2.2,4.0,1.6,2.3,1.6,22.71,9.4
379,Daniel Bird,12,C,62,44,76,96,57,97,432,72.0,Proficient,Pass,4.2,5.0,3.7,5.1,0.8,45.79,13.7
380,Cheryl Archer,12,A,83,45,42,77,79,90,416,69.33,Ideal,Pass,2.4,0.0,4.4,2.1,2.8,13.17,9.600000000000001
381,Michael Molina,11,C,83,41,74,40,75,54,367,61.17,Ideal,Pass,2.0,5.0,1.5,1.3,3.1,11.65,11.6
382,Tamara Brown,12,B,99,46,63,90,72,85,455,75.83,Proficient,Pass,1.2,2.0,0.9,3.9,0.7,42.99,4.800000000000001
383,Douglas Keller,12,B,45,86,99,90,51,52,423,70.5,Proficient,Pass,2.7,1.0,2.7,4.3,1.2,39.66,7.6000000000000005
384,Krystal Perez,11,A,44,69,90,76,46,49,374,62.33,Ideal,Pass,3.5,3.0,2.1,2.0,1.7,15.54,10.299999999999999
385,Julie Wilson,11,B,56,79,91,53,91,40,410,68.33,Ideal,Pass,4.7,1.0,1.4,2.9,3.2,20.99,10.3
386,Leah Shields,11,A,41,66,53,71,36,78,345,57.5,Capable,Pass,3.6,0.0,1.9,3.4,1.7,27.66,7.2
387,Krista Parsons,11,A,68,96,53,37,83,40,377,62.83,Ideal,Pass,1.6,0.0,1.8,4.9,2.7,46.14,6.1000000000000005
388,Angela Cohen,11,B,36,43,84,69,81,48,361,60.17,Ideal,Pass,0.6,5.0,2.2,5.9,2.3,60.26,10.1
389,David Caldwell,11,B,97,46,58,60,99,93,453,75.5,Proficient,Pass,3.0,5.0,0.6,2.2,2.4,22.27,11.0
390,Nicholas Galloway,12,B,85,55,37,79,80,80,416,69.33,Ideal,Pass,3.3,1.0,5.0,5.9,1.5,50.53,10.8
391,Lance Hayes,11,C,67,84,38,70,63,54,376,62.67,Ideal,Pass,2.0,3.0,3.5,1.4,1.8,10.36,10.3
392,Cynthia Zavala,11,B,65,54,89,74,77,92,451,75.17,Proficient,Pass,2.9,1.0,3.4,3.9,2.9,32.64,10.2
393,Daniel Johnson,11,A,74,52,90,53,55,75,399,66.5,Ideal,Pass,2.745536609829488,4.0,4.8,1.6,1.6,13.93,13.145536609829486
394,Katie Good,11,C,38,75,87,87,73,91,451,75.17,Proficient,Pass,3.9,5.0,4.7,2.4,3.2,15.33,16.8
395,Katie Anderson,11,A,58,38,69,64,64,64,357,59.5,Capable,Pass,3.6,2.0,0.9,4.9,1.0,46.2,7.5
396,Sarah Combs,12,C,82,58,84,97,95,52,468,78.0,Proficient,Pass,1.2,1.0,0.6,3.5799180327868854,0.6,52.28,3.4000000000000004
397,Richard Young,12,B,63,60,61,43,57,91,375,62.5,Ideal,Pass,4.4,3.0,3.6,5.3,3.6,42.23,14.6
398,Christian Scott,12,B,40,83,75,85,39,48,370,61.67,Ideal,Pass,2.5,0.0,4.5,2.2,2.4,13.54,9.4
399,Jacqueline Parker,11,C,84,41,59,72,91,85,432,72.0,Proficient,Pass,4.5,2.0,2.6,3.1,2.6,23.18,11.7
400,Eric Spears,11,C,53,94,92,46,99,49,433,72.17,Proficient,Pass,1.3,4.0,4.7,4.5,1.0,43.37,11.0
401,Rachel Clark,12,B,92,38,57,93,60,93,433,72.17,Proficient,Pass,0.9,2.0,3.6,5.5,3.3,52.06,9.8
402,Anna Torres,11,A,49,92,81,45,84,100,451,75.17,Proficient,Pass,3.3,1.0,2.2,2.9,3.2,23.28,9.7
403,Angela Conner,12,C,54,55,53,57,41,88,348,58.0,Capable,Pass,1.9,5.0,4.0,3.2,2.7,27.26,13.600000000000001
404,Michelle Rivera,11,A,60,35,67,36,93,98,389,64.83,Ideal,Pass,4.3,4.0,4.1,4.0,2.2,31.09,14.600000000000001
405,Amber Taylor,11,C,95,93,87,91,45,35,446,74.33,Proficient,Pass,1.6,4.0,1.8,4.1,3.4,40.45,10.799999999999999
406,Timothy Ballard,11,A,58,53,42,79,39,53,324,54.0,Capable,Pass,4.3,5.0,3.1,4.0,1.7,32.61,14.1
407,Nancy Baker,11,A,48,88,57,55,71,57,376,62.67,Ideal,Pass,4.8,5.0,3.1,5.7,0.8,50.56,13.700000000000001
408,Sheila Wilson,12,B,82,83,43,89,43,72,412,68.67,Ideal,Pass,2.6,0.0,3.6,2.4,2.3,17.51,8.5
409,Tammy Dalton,11,C,61,42,48,46,96,71,364,60.67,Ideal,Pass,2.4,2.0,1.7,3.9,2.7,35.48,8.8
410,Bryan Kelley,11,C,98,98,98,58,64,72,488,81.33,Proficient,Pass,4.9,0.0,1.0,3.3,3.3,25.87,9.2
411,Raymond Banks,11,C,88,87,40,77,79,62,433,72.17,Proficient,Pass,0.6,1.0,3.6,2.3,0.7,23.28,5.9
412,Bruce Fry,12,C,76,35,49,77,78,85,400,66.67,Ideal,Pass,3.8,4.0,4.8,5.2,1.2,44.43,13.799999999999999
413,Pamela Sanchez,12,C,96,95,39,52,96,54,432,72.0,Proficient,Pass,3.3,4.0,4.5,3.3,3.3,24.89,15.100000000000001
414,Earl Anderson,11,C,73,75,37,61,77,80,403,67.17,Ideal,Pass,0.8,1.0,1.8,1.2,3.9,10.24,7.5
415,Kyle Ortiz,11,C,84,58,49,74,75,39,379,63.17,Ideal,Pass,1.7,0.0,2.7,2.2,2.1,18.35,6.5
416,Anthony Day,12,A,73,57,49,82,39,60,360,60.0,Ideal,Pass,4.6,3.0,2.8,5.0,3.7,39.66,14.099999999999998
417,Daniel Coleman,11,A,78,96,74,76,53,47,424,70.67,Proficient,Pass,4.2,4.0,3.5,1.7,3.0,8.82,14.7
418,Karen Carrillo,12,B,49,35,74,40,46,77,321,53.5,Capable,Pass,2.6,0.0,1.0,4.8,3.1,42.93,6.7
419,Jeremy Whitehead,11,C,74,61,76,60,59,71,401,66.83,Ideal,Pass,1.7,2.0,4.0,4.4,1.5,40.48,9.2
420,Taylor Alexander,11,B,49,36,100,48,61,79,373,62.17,Ideal,Pass,3.0,2.0,1.1,4.5,1.5,42.77,7.6
421,Jill Rhodes,11,A,44,74,78,91,41,51,379,63.17,Ideal,Pass,0.6,5.0,0.7,2.9,0.8,34.61,7.1
422,Justin Evans,12,A,92,80,74,77,60,45,428,71.33,Proficient,Pass,4.9,3.0,3.1,1.5,3.3,5.22,14.3
423,Brandon Obrien,12,A,93,74,94,95,64,63,483,80.5,Proficient,Pass,1.1,4.0,1.7,2.8,1.1,31.98,7.9
424,Andrew Edwards,12,B,93,97,38,43,95,49,415,69.17,Ideal,Pass,2.1,3.0,4.3,2.4,1.7,19.73,11.099999999999998
425,Erica James,11,C,48,86,48,76,44,73,375,62.5,Ideal,Pass,2.9,3.0,3.2,2.2,1.4,17.47,10.500000000000002
426,Martin Galvan,11,B,84,43,78,61,90,90,446,74.33,Proficient,Pass,3.1,2.0,3.0,2.2,2.8,16.37,10.899999999999999
427,James Perez,11,C,97,49,94,76,47,91,454,75.67,Proficient,Pass,1.3,3.0,0.8,1.5,3.3,16.31,8.399999999999999
428,Debra Moody,12,B,98,42,46,62,52,35,335,55.83,Capable,Pass,3.9,5.0,1.2,3.7,1.9,33.2,12.0
429,Jasmine Graham,12,A,61,75,73,73,90,79,451,75.17,Proficient,Pass,5.0,4.0,0.5,5.9,1.9,55.49,11.4
430,Richard Brown,11,B,42,82,41,35,80,49,329,54.83,Capable,Pass,4.4,0.0,1.6,4.5,1.9,37.0,7.9
431,Joe Wilson,12,C,83,86,83,90,62,57,461,76.83,Proficient,Pass,2.6,1.0,3.0,5.2,1.8,48.32,8.4
432,Amy Snyder,12,A,71,51,52,36,44,37,291,48.5,Difficult,Fail,1.1,3.0,3.5,5.9,1.0,56.7,8.6
433,Stephen Carter,11,C,88,93,89,58,93,100,521,86.83,Excellent,Pass,2.4,3.0,2.2,2.1,2.0,20.68,9.600000000000001
434,Omar Smith,11,C,98,65,99,69,87,81,499,83.17,Proficient,Pass,0.7,0.0,3.1,4.5,0.9,46.19,4.7
435,Scott Riley,12,C,45,53,70,94,45,46,353,58.83,Capable,Pass,1.6,5.0,3.8,5.8,0.8,56.52,11.2
436,Audrey Moreno,12,C,41,78,36,95,93,100,443,73.83,Proficient,Pass,4.6,4.0,3.8,3.1,3.9,20.8,16.299999999999997
437,Amy Adkins,12,B,56,39,73,68,42,95,373,62.17,Ideal,Pass,3.1,4.0,0.7,6.0,3.3,57.01,11.1
438,John Kim,11,B,97,45,51,99,44,70,406,67.67,Ideal,Pass,1.6,4.0,1.8,5.3,0.5,55.27,7.8999999999999995
439,Julie Lane,11,C,57,54,92,82,57,68,410,68.33,Ideal,Pass,4.0,1.0,2.7,3.5799180327868854,3.5,41.08,11.2
440,Carla Smith,12,A,53,54,98,87,84,65,441,73.5,Proficient,Pass,3.5,5.0,3.4,2.1,3.1,15.03,15.0
441,Kaitlyn Cole,12,A,68,49,41,56,94,86,394,65.67,Ideal,Pass,2.6,3.0,3.9,4.8,2.4,42.14,11.9
442,Megan Flores,12,C,84,95,68,53,90,36,426,71.0,Proficient,Pass,1.8,2.560682046138415,2.2,2.6,2.4,24.82,8.960682046138416
443,Aaron Hayes,11,A,80,90,69,77,69,69,454,75.67,Proficient,Pass,4.1,2.0,3.4,3.0,3.2,21.43,12.7
444,Billy Avila,11,C,59,78,58,75,36,36,342,57.0,Capable,Pass,4.2,0.0,2.4,3.6,2.9,26.22,9.5
445,Charles Hensley,12,A,71,67,59,39,38,46,320,53.33,Capable,Pass,0.8,4.0,3.5,5.2,3.8,47.92,12.100000000000001
446,Donald Shah,11,C,50,46,51,83,58,49,337,56.17,Capable,Pass,3.6,2.0,1.8,4.3,0.8,38.76,8.2
447,Dana Green,12,B,89,76,67,55,44,70,401,66.83,Ideal,Pass,4.0,3.0,2.2,6.0,1.4,55.2,10.6
448,Teresa Day,12,A,91,43,97,60,85,57,433,72.17,Proficient,Pass,3.4,0.0,1.1,4.8,1.3,45.21,5.8
449,Kathryn Jimenez,11,B,68,48,39,44,44,67,310,51.67,Capable,Pass,4.0,0.0,4.5,1.7,2.7,4.18,11.2
450,Daniel Tran,11,C,84,69,54,77,85,35,404,67.33,Ideal,Pass,2.8,3.0,2.7,3.0,3.0,24.98,11.5
451,Victoria Phillips,11,C,63,35,84,96,50,80,408,68.0,Ideal,Pass,2.0,2.0,2.3,4.2,3.9,37.67,10.2
452,Glen Barr,11,B,78,45,93,72,60,57,405,67.5,Ideal,Pass,3.0,3.0,3.5,2.5,1.9,19.72,11.4
453,Diana Smith,11,C,80,97,45,91,59,52,424,70.67,Proficient,Pass,0.7,0.0,3.7,4.0,2.2,37.48,6.6000000000000005
454,Tiffany Warren,11,C,74,98,92,37,39,78,418,69.67,Ideal,Pass,0.8,5.0,0.7,1.6,3.3,18.86,9.8
455,Judy Lambert,12,C,54,64,44,39,53,97,351,58.5,Capable,Pass,3.4,3.0,4.6,4.1,1.3,33.09,12.3
456,Charles Soto,11,A,57,41,74,47,93,56,368,61.33,Ideal,Pass,4.3,0.0,4.2,1.5,2.2,3.59,10.7
457,Maureen Hernandez,11,A,60,89,78,86,76,50,439,73.17,Proficient,Pass,4.9,4.0,3.0,2.6,3.9,16.34,15.8
458,Marcus Fletcher,11,A,57,77,43,50,70,53,350,58.33,Capable,Pass,3.9,1.0,3.6,3.8,2.0,28.73,10.5
459,Brandy Jackson,11,A,47,83,55,37,97,45,364,60.67,Ideal,Pass,0.5,1.0,4.7,4.5,2.6,40.4,8.8
460,Tammy Ballard,12,B,95,51,61,53,69,92,421,70.17,Proficient,Pass,2.4,1.0,3.2,1.2,1.1,8.6,7.699999999999999
461,John Butler,12,C,46,73,79,88,35,65,386,64.33,Ideal,Pass,1.4,4.0,4.9,4.1,3.5,35.08,13.8
462,Bryce Mcknight,11,B,61,70,41,59,49,54,334,55.67,Capable,Pass,3.6,3.0,2.7,1.8,3.7,9.38,13.0
463,Wendy Rice,11,C,81,71,61,90,67,77,447,74.5,Proficient,Pass,3.3,3.0,0.7,4.7,3.7,43.86,10.7
464,Lisa Hawkins,11,A,38,97,100,49,44,65,393,65.5,Ideal,Pass,3.7,4.0,3.1,3.1,3.1,23.78,13.9
465,Samantha Salas,12,A,49,76,64,47,65,87,388,64.67,Ideal,Pass,4.4,3.0,4.5,1.4,2.5,3.42,14.4
466,Rodney Hill,11,B,53,62,93,57,84,82,431,71.83,Proficient,Pass,1.1,5.0,1.4,2.8,1.4,31.7,8.9
467,Norman Stewart,12,A,39,42,70,52,49,94,346,57.67,Capable,Pass,2.6,1.0,3.9,2.1,1.5,14.42,9.0
468,Ashlee Sparks,11,C,56,64,46,87,97,62,412,68.67,Ideal,Pass,3.2,3.0,1.8,4.7,3.1,42.55,11.1
469,James Johnson,11,A,76,90,63,54,35,88,406,67.67,Ideal,Pass,4.9,0.0,5.0,4.7,2.3,33.71,12.2
470,Steven Campbell,12,C,85,96,47,92,98,65,483,80.5,Proficient,Pass,0.9,0.0,3.6,3.0,1.3,29.29,5.8
471,Kevin Vasquez,12,B,65,46,37,96,74,55,373,62.17,Ideal,Pass,3.7,4.0,3.9,1.1,2.1,3.45,13.7
472,William Peterson,11,C,86,58,82,94,35,44,399,66.5,Ideal,Pass,2.2,5.0,2.0,1.2,2.0,11.35,11.2
473,Logan Bailey,12,C,61,45,77,42,100,81,406,67.67,Ideal,Pass,4.5,0.0,2.2,3.3,0.6,26.75,7.3
474,Andrew Ryan,12,A,43,61,52,77,65,49,347,57.83,Capable,Pass,3.4,5.0,4.7,3.9,3.9,28.75,17.0
475,Bobby Mahoney,11,C,63,76,80,69,99,89,476,79.33,Proficient,Pass,1.7,0.0,2.2,3.3,2.3,31.47,6.2
476,Russell Campbell,11,B,72,92,82,43,59,93,441,73.5,Proficient,Pass,0.9,3.0,4.5,2.4,3.8,19.74,12.2
477,Eric Williamson,11,A,70,49,53,98,54,61,385,64.17,Ideal,Pass,2.8,5.0,0.6,3.1,2.9,29.94,11.3
478,Matthew Beard,11,B,79,88,91,37,72,59,426,71.0,Proficient,Pass,0.8,1.0,4.3,3.6,1.7,33.51,7.8
479,Thomas Pearson,12,C,76,97,91,93,73,51,481,80.17,Proficient,Pass,4.5,2.0,1.3,2.3,2.2,18.43,10.0
480,Alyssa Chavez,12,A,53,80,71,93,56,55,408,68.0,Ideal,Pass,3.7,2.0,1.3,1.9,3.0,13.85,10.0
481,Joshua Hays,11,A,65,49,40,75,51,91,371,61.83,Ideal,Pass,1.7,1.0,1.4,4.5,2.8,42.82,6.8999999999999995
482,Ryan Bartlett,12,A,82,92,55,73,50,38,390,65.0,Ideal,Pass,2.3,3.0,4.0,5.7,3.7,49.96,13.0
483,Amy King,11,A,99,77,72,95,72,53,468,78.0,Proficient,Pass,4.1,5.0,4.6,3.2,2.9,23.72,16.599999999999998
484,Cynthia Baker,12,A,52,49,74,38,86,63,362,60.33,Ideal,Pass,2.5,0.0,2.0,4.0,1.2,36.59,5.7
485,Robert Garcia,11,B,60,37,45,92,46,100,380,63.33,Ideal,Pass,2.3,3.0,1.9,4.0,3.8,35.82,11.0
486,Lindsay Cummings,12,B,53,89,82,84,82,36,426,71.0,Proficient,Pass,1.8,2.0,1.9,3.2,2.5,30.65,8.2
487,Jennifer Evans,11,C,91,88,91,71,55,89,485,80.83,Proficient,Pass,3.8,3.0,1.1,3.9,0.8,38.37,8.700000000000001
488,Francisco Ewing,11,B,95,77,43,83,46,35,379,63.17,Ideal,Pass,2.3,2.0,2.4,3.8,3.0,33.52,9.7
489,Rebecca Carlson,11,A,58,83,72,97,40,73,423,70.5,Proficient,Pass,4.3,2.0,2.7,4.7,1.3,40.84,10.3
490,Jessica Gallagher,11,A,68,73,95,50,71,88,445,74.17,Proficient,Pass,1.3,5.0,3.4,1.1,3.2,9.38,12.899999999999999
491,David Riggs,12,A,81,96,90,68,95,50,480,80.0,Proficient,Pass,2.2,5.0,3.1,5.2,1.1,52.13,11.4
492,Jasmine Brown,11,A,75,94,52,80,55,41,397,66.17,Ideal,Pass,1.7,3.0,3.4,5.8,0.7,56.78,8.799999999999999
493,Stefanie Gonzalez,12,C,44,100,59,58,47,56,364,60.67,Ideal,Pass,2.9,2.0,4.2,4.4,1.6,37.05,10.700000000000001
494,Jessica Sheppard,12,A,80,53,36,52,71,82,374,62.33,Ideal,Pass,4.0,3.0,2.0,5.6,0.9,51.65,9.9
495,Colin Rodgers,11,C,63,59,49,88,93,44,396,66.0,Ideal,Pass,1.0,1.0,4.7,3.4,1.6,30.13,8.3
496,Jose Young,12,A,91,78,57,73,38,50,387,64.5,Ideal,Pass,1.5,5.0,1.1,2.1,0.9,24.22,8.5
497,Sara Little,11,A,89,49,44,37,96,90,405,67.5,Ideal,Pass,0.7,0.0,0.6,4.3,2.6,44.33,3.9
498,Joseph Wright,12,A,67,40,43,73,36,47,306,51.0,Capable,Pass,4.0,4.0,1.4,5.5,1.1,50.68,10.5
499,Taylor Lee,12,A,46,53,70,79,80,55,383,63.83,Ideal,Pass,4.3,5.0,3.3,3.5,0.7,29.49,13.3
500,Christopher Robertson,11,C,62,59,71,56,35,47,330,55.0,Capable,Pass,4.7,4.0,4.3,3.4,2.9,22.17,15.9
501,Anne Reid,11,B,48,58,80,83,89,62,420,70.0,Proficient,Pass,2.8,3.0,1.0,5.9,0.9,59.32,7.7
502,Benjamin Rogers,11,C,52,98,81,71,40,45,387,64.5,Ideal,Pass,2.0,0.0,2.2,3.3,3.1,28.43,7.300000000000001
503,Amanda Fitzpatrick,12,A,87,72,89,59,43,95,445,74.17,Proficient,Pass,4.7,2.0,1.3,6.0,2.2,54.43,10.2
504,Andrea Daniels,11,B,91,45,50,53,85,86,410,68.33,Ideal,Pass,3.6,0.0,3.8,5.5,1.1,47.61,8.5
505,Brandon Yang,12,A,78,60,86,50,64,89,427,71.17,Proficient,Pass,3.8,2.0,3.9,4.8,2.6,39.55,12.299999999999999
506,Robert Villa,12,B,95,86,97,100,70,53,501,83.5,Proficient,Pass,4.0,0.0,1.0,3.4,1.3,31.29,6.3
507,Mark Lin,11,A,47,41,43,98,38,57,324,54.0,Capable,Pass,2.2,5.0,2.0,2.5,2.7,22.26,11.899999999999999
508,Nicole Thompson,11,C,98,94,60,72,98,97,519,86.5,Excellent,Pass,2.8,4.0,2.0,5.3,2.4,52.17,11.200000000000001
509,Dennis Hernandez,11,B,50,84,92,75,83,91,475,79.17,Proficient,Pass,2.6,0.0,1.3,4.3,3.2,39.93,7.1000000000000005
510,Susan Sanders,11,B,90,52,74,84,97,49,446,74.33,Proficient,Pass,3.1,3.0,2.786639260020555,4.4,2.5,38.48,11.386639260020555
511,Monica Harvey,12,C,55,99,42,85,68,98,447,74.5,Proficient,Pass,3.2,3.0,2.786639260020555,2.8,3.9,20.92,12.886639260020555
512,Adrienne Ellis,12,A,38,40,51,81,79,38,327,54.5,Capable,Pass,3.9,5.0,2.786639260020555,1.5,1.7,10.11,13.386639260020555
513,Brianna Warren,12,B,79,42,66,66,65,74,392,65.33,Ideal,Pass,3.2,2.560682046138415,2.786639260020555,2.5,1.7,24.39,10.24732130615897
514,Catherine Garcia,11,C,76,39,93,89,100,88,485,80.83,Proficient,Pass,1.7,5.0,2.786639260020555,1.1,1.6,12.36,11.086639260020554
515,Elizabeth Miller,12,B,47,97,47,61,78,98,428,71.33,Proficient,Pass,2.8,5.0,2.786639260020555,4.1,1.8,39.87,12.386639260020555
516,Hunter Burch,12,A,98,44,62,71,68,41,384,64.0,Ideal,Pass,1.8,4.0,2.786639260020555,2.1,3.1,18.63,11.686639260020554
517,Kimberly Henson,11,C,47,78,69,43,95,89,421,70.17,Proficient,Pass,1.4,0.0,2.786639260020555,2.5,3.3,20.16,7.486639260020555
518,Duane Anderson,12,C,75,60,88,86,67,100,476,79.33,Proficient,Pass,2.5,4.0,2.786639260020555,1.1,3.0,10.38,12.286639260020555
519,Tina Simpson,11,C,98,62,94,69,90,42,455,75.83,Proficient,Pass,2.9,2.0,2.786639260020555,2.2,3.1,17.16,10.786639260020555
520,Grant Williams,12,B,87,75,43,61,87,69,422,70.33,Proficient,Pass,4.2,5.0,2.786639260020555,4.4,1.3,41.77,13.286639260020555
521,Daniel Bruce,11,A,54,59,38,66,74,94,385,64.17,Ideal,Pass,2.7,3.0,2.786639260020555,5.5,1.2,52.48,9.686639260020554
522,Katie Stephenson,12,A,38,68,70,57,40,97,370,61.67,Ideal,Pass,4.0,0.0,2.786639260020555,1.4,2.6,2.45,9.386639260020555
523,Cynthia Johnson,11,B,81,46,85,52,65,49,378,63.0,Ideal,Pass,3.1,4.0,2.786639260020555,3.6,3.4,26.97,13.286639260020555
524,Monique Wallace,12,B,46,65,50,75,77,84,397,66.17,Ideal,Pass,4.1,5.0,2.786639260020555,3.1,1.0,28.32,12.886639260020555
525,Julie Alvarez,11,A,70,91,87,67,42,97,454,75.67,Proficient,Pass,2.9,5.0,2.786639260020555,2.6,2.0,20.67,12.686639260020556
526,Kirk Morrison,11,B,53,81,95,82,74,37,422,70.33,Proficient,Pass,3.4,4.0,2.786639260020555,4.7,3.3,44.22,13.486639260020556
527,Carla Warner,11,C,65,67,84,74,81,50,421,70.17,Proficient,Pass,2.9,1.0,2.786639260020555,2.9,3.7,19.68,10.386639260020555
528,Shelly Moore,12,B,73,46,65,73,61,55,373,62.17,Ideal,Pass,4.6,5.0,2.786639260020555,5.1,2.8,44.31,15.186639260020556
529,Joshua Pineda,11,B,45,97,95,87,77,89,490,81.67,Proficient,Pass,4.4,0.0,2.786639260020555,4.5,2.3,35.31,9.486639260020556
530,Samuel Potts,12,B,76,93,38,41,58,91,397,66.17,Ideal,Pass,4.1,1.0,2.786639260020555,2.0,1.6,16.25,9.486639260020555
531,Monica Garrison,11,A,55,66,51,87,75,92,426,71.0,Proficient,Pass,2.7,5.0,2.786639260020555,1.9,2.6,18.43,13.086639260020554
532,Christopher Walker,12,B,60,45,88,82,58,85,418,69.67,Ideal,Pass,4.4,4.0,2.786639260020555,5.7,3.7,50.48,14.886639260020555
533,Victoria Durham,11,A,94,60,68,56,41,86,405,67.5,Ideal,Pass,3.3,4.0,2.786639260020555,1.4,1.8,11.44,11.886639260020555
534,Karen Finley,11,A,90,93,98,50,63,61,455,75.83,Proficient,Pass,1.4,2.0,2.786639260020555,3.5,1.0,36.88,7.186639260020555
535,Melissa Cannon,11,C,62,71,59,88,58,87,425,70.83,Proficient,Pass,4.1,0.0,2.786639260020555,2.3,2.7,15.94,9.586639260020554
536,Paula Padilla,11,B,93,45,36,95,52,76,397,66.17,Ideal,Pass,4.9,3.0,2.786639260020555,4.6,3.0,35.32,13.686639260020556
537,Robert Silva,12,A,47,42,41,77,65,95,367,61.17,Ideal,Pass,4.6,4.0,4.7,5.8,2.6,46.75,15.9
538,Ebony Tucker,11,A,67,99,83,73,85,82,489,81.5,Proficient,Pass,1.1,4.0,0.7,1.9,1.1,24.58,6.9
539,David Walker,12,B,94,51,46,75,90,53,409,68.17,Ideal,Pass,1.7,2.0,0.7,1.6,3.6,15.05,8.0
540,Daniel Roberts,12,C,81,90,71,68,68,75,453,75.5,Proficient,Pass,2.5,1.0,1.9,6.0,3.2,56.36,8.600000000000001
541,Robert Dunn,11,C,91,41,59,54,41,64,350,58.33,Capable,Pass,1.3,3.0,1.7,4.5,2.0,44.78,8.0
542,Rachel Wallace,12,A,91,80,97,93,98,49,508,84.67,Proficient,Pass,4.3,1.0,1.1,1.5,3.5,9.52,9.9
543,Dale Nolan,11,A,100,69,62,35,58,88,412,68.67,Ideal,Pass,4.6,1.0,4.0,4.4,3.6,31.85,13.2
544,Casey Hubbard,11,B,50,85,82,48,76,54,395,65.83,Ideal,Pass,0.6,3.0,4.2,4.3,2.1,41.06,9.9
545,Jonathan Murphy,12,C,35,77,40,92,76,51,371,61.83,Ideal,Pass,1.5,0.0,4.1,2.4,3.3,17.07,8.899999999999999
546,Steven Dominguez,11,C,83,46,86,67,57,65,404,67.33,Ideal,Pass,4.8,3.0,0.9,5.3,1.1,48.96,9.799999999999999
547,Sean Padilla,12,B,54,50,73,97,90,74,438,73.0,Proficient,Pass,4.6,4.0,1.1,4.3,3.4,37.37,13.1
548,Sonya Barnes,11,B,92,84,95,69,89,46,475,79.17,Proficient,Pass,3.9,2.0,3.3,3.2,2.0,25.77,11.2
549,Richard Phillips,11,C,78,94,63,54,98,45,432,72.0,Proficient,Pass,1.8,3.0,0.9,5.0,1.6,51.83,7.300000000000001
550,Bill Reynolds,11,C,73,66,89,72,41,44,385,64.17,Ideal,Pass,4.6,4.0,1.0,3.1,2.2383149448345034,27.76,11.838314944834503
551,Matthew Wilson,12,B,67,45,99,37,49,94,391,65.17,Ideal,Pass,1.3,1.0,4.3,1.2,2.0,7.57,8.6
552,Melissa Jones,12,B,93,92,68,78,58,62,451,75.17,Proficient,Pass,1.3,5.0,4.9,2.3,2.9,19.59,14.1
553,Hannah Burton,12,C,37,35,85,49,36,56,298,49.67,Difficult,Fail,3.5,3.0,3.6,5.3,3.9,42.39,14.0
554,Mary Stephenson,12,B,81,85,73,46,51,52,388,64.67,Ideal,Pass,0.6,0.0,4.2,4.5,1.2,42.53,6.0
555,Kimberly Bowman,11,A,96,53,65,90,59,46,409,68.17,Ideal,Pass,1.9,3.0,1.2,3.1,0.9,32.64,7.000000000000001
556,John Grimes,11,C,91,97,95,37,92,66,478,79.67,Proficient,Pass,1.4,4.0,4.2,3.0,1.7,28.83,11.3
557,Emily Walker,11,C,90,88,98,72,39,97,484,80.67,Proficient,Pass,2.3,4.0,3.2,4.1,2.9,38.19,12.4
558,Nichole Buck,12,A,42,37,89,75,43,69,355,59.17,Capable,Pass,4.5,3.0,4.5,1.6,2.7,4.43,14.7
559,Matthew Smith,12,B,90,37,55,71,59,95,407,67.83,Ideal,Pass,2.0,1.0,2.8,3.9,2.9,34.6,8.7
560,Nicholas Arnold,12,A,72,84,88,81,95,55,475,79.17,Proficient,Pass,3.3,2.0,3.6,1.4,2.2,8.28,11.100000000000001
561,Jennifer Hicks,11,A,55,97,47,88,98,73,458,76.33,Proficient,Pass,1.6,4.0,0.7,1.1,3.6,12.06,9.9
562,Jacqueline Hill,12,C,55,57,99,39,43,78,371,61.83,Ideal,Pass,2.4,4.0,1.5,3.8,2.2,36.49,10.100000000000001
563,Andrew Hernandez,12,B,40,69,54,100,48,41,352,58.67,Capable,Pass,4.7,3.0,4.1,5.8,3.1,46.1,14.9
564,Aaron Garrison,11,C,48,40,99,48,56,50,341,56.83,Capable,Pass,4.4,2.0,1.2,2.5,2.0,18.68,9.600000000000001
565,Molly Murphy,12,C,47,54,81,77,52,50,361,60.17,Ideal,Pass,4.3,3.0,4.9,4.8,0.5,38.97,12.7
566,Jessica Rodriguez,12,B,71,99,56,45,69,82,422,70.33,Proficient,Pass,3.7,3.0,2.1,4.3,1.0,39.78,9.8
567,Lynn Bentley,12,A,52,89,87,87,93,81,489,81.5,Proficient,Pass,4.7,3.0,1.2,1.0,3.3,4.49,12.2
568,Jamie Robinson,11,A,78,75,86,56,90,42,427,71.17,Proficient,Pass,2.3,0.0,3.5,4.2,3.7,34.83,9.5
569,Brian Romero,11,C,72,88,86,73,75,79,473,78.83,Proficient,Pass,0.5,2.0,4.6,4.1,1.0,40.78,8.1
570,Jill Brown,12,B,61,91,79,86,60,73,450,75.0,Proficient,Pass,0.9,4.0,2.0,4.6,3.1,46.98,10.0
571,Shane Glass,11,C,71,62,46,100,74,78,431,71.83,Proficient,Pass,3.9,1.0,0.6,5.5,2.4,51.1,7.9
572,Tasha Valencia,12,A,73,89,99,49,42,82,434,72.33,Proficient,Pass,1.7,4.0,2.1,1.2,2.8,11.32,10.600000000000001
573,Scott Washington,11,B,73,35,93,78,65,64,408,68.0,Ideal,Pass,2.1,2.0,3.5,5.1,2.5,46.35,10.1
574,Robert Hampton,11,C,83,66,48,76,59,81,413,68.83,Ideal,Pass,2.5,1.0,3.7,5.1,0.8,46.87,8.0
575,Scott Scott,11,B,51,95,62,92,44,82,426,71.0,Proficient,Pass,3.5,3.0,3.1,3.6,1.9,30.67,11.5
576,Robert Peterson,12,C,98,89,91,97,88,55,518,86.33,Excellent,Pass,1.1,1.0,2.7,3.3,3.9,31.2,8.700000000000001
577,Elizabeth May,11,C,62,93,95,39,55,82,426,71.0,Proficient,Pass,4.6,0.0,3.2,3.0,0.9,22.02,8.7
578,John Walsh,12,A,54,50,82,74,82,73,415,69.17,Ideal,Pass,1.8,0.0,4.1,1.7,2.6,31.572173038229373,8.5
579,Destiny Ruiz,11,B,71,62,58,97,35,50,373,62.17,Ideal,Pass,3.0,0.0,4.4,3.1,2.5,21.62,9.9
580,Spencer Henderson,12,B,83,95,51,52,99,93,473,78.83,Proficient,Pass,3.9,5.0,2.5,5.3,1.6,49.91,13.0
581,David Harris,12,B,64,85,78,40,91,70,428,71.33,Proficient,Pass,3.4,1.0,3.7,3.9,3.3,30.32,11.400000000000002
582,Michael Johnson,12,C,50,45,59,41,59,95,349,58.17,Capable,Pass,2.8,0.0,1.0,5.7,1.1,54.4,4.9
583,Deborah Kerr,11,B,61,66,91,45,76,86,425,70.83,Proficient,Pass,3.2,3.0,4.4,1.1,2.0,4.18,12.600000000000001
584,Dominic Thornton,12,A,75,83,67,46,49,47,367,61.17,Ideal,Pass,2.9,2.0,1.1,2.3,0.8,21.71,6.8
585,Ashley Jacobs,12,B,56,42,76,58,38,42,312,52.0,Capable,Pass,1.8,0.0,1.9,3.1,1.6,27.83,5.300000000000001
586,Yvette Huff,12,A,41,60,65,65,98,100,429,71.5,Proficient,Pass,3.9,3.0,4.8,2.3,1.6,14.73,13.299999999999999
587,Kyle Nolan,12,A,96,38,87,64,37,69,391,65.17,Ideal,Pass,3.0,4.0,3.5,2.2,2.4,16.39,12.9
588,Paul Ray,11,B,87,92,45,99,61,53,437,72.83,Proficient,Pass,2.2,1.0,4.0,3.7,2.0,31.98,9.2
589,Shawn Mckay,12,A,35,94,72,56,35,42,334,55.67,Capable,Pass,4.7,3.0,1.7,2.3,2.9,14.64,12.3
590,Joseph Flores,12,C,62,100,71,40,55,43,371,61.83,Ideal,Pass,1.9,3.0,3.6,5.2,3.0,46.88,11.5
591,Robert Davis,12,B,61,99,75,78,68,92,473,78.83,Proficient,Pass,1.7,5.0,4.9,2.7,2.1,24.11,13.700000000000001
592,Nicholas Hernandez,12,A,52,35,95,35,36,57,310,51.67,Capable,Pass,2.4,5.0,3.7,4.8,2.4,42.44,13.500000000000002
593,Michael Williams,11,C,38,91,50,80,83,80,422,70.33,Proficient,Pass,2.2,5.0,4.9,1.6,1.8,11.62,13.900000000000002
594,James Martinez,11,B,36,63,37,70,80,59,345,57.5,Capable,Pass,0.9,4.0,3.3,5.0,1.3,49.44,9.5
595,Jennifer Lewis,12,B,39,70,98,61,35,60,363,60.5,Ideal,Pass,4.9,5.0,2.3,5.3,2.5,45.3,14.7
596,Kenneth Roberts,12,A,59,57,43,51,43,51,304,50.67,Capable,Pass,1.7,4.0,4.3,5.4,3.1,47.5,13.1
597,Jerry Robinson,12,A,37,67,93,35,89,41,362,60.33,Ideal,Pass,4.3,2.0,2.4,6.0,1.5,53.03,10.2
598,Brian Gordon,12,B,81,40,63,41,70,88,383,63.83,Ideal,Pass,2.9,2.0,0.5,2.0,0.8,19.87,6.2
599,Daniel Yu,11,C,63,89,44,66,60,56,378,63.0,Ideal,Pass,2.0,0.0,3.3,1.5,2.2383149448345034,9.71,7.538314944834504
600,Christine Lynch,11,C,77,67,66,48,95,65,418,69.67,Ideal,Pass,4.8,0.0,4.2,3.5799180327868854,1.3,25.51,10.3
601,Tanya Riley,11,C,91,47,92,50,45,42,367,61.17,Ideal,Pass,4.6,3.0,1.9,3.5799180327868854,0.7,46.73,10.2
602,Brenda Walters,11,A,91,42,73,90,43,48,387,64.5,Ideal,Pass,3.5,4.0,0.7,3.5799180327868854,1.9,50.12,10.1
603,John Durham,12,A,36,93,84,94,89,47,443,73.83,Proficient,Pass,2.0,5.0,4.0,3.5799180327868854,1.6,30.96,12.6
604,Marcus Cordova,11,A,48,36,43,59,51,100,337,56.17,Capable,Pass,1.7,3.0,2.7,3.5799180327868854,1.2,39.23,8.6
605,Jason Anderson,11,A,42,51,74,90,100,80,437,72.83,Proficient,Pass,1.9,4.0,4.0,3.5799180327868854,1.6,14.56,11.5
606,Samantha Atkins,12,B,82,36,53,42,65,99,377,62.83,Ideal,Pass,4.2,4.0,4.4,3.5799180327868854,1.2,22.84,13.799999999999999
607,Donna Le,11,C,60,43,78,59,95,94,429,71.5,Proficient,Pass,3.2,2.0,4.3,3.5799180327868854,1.7,31.26,11.2
608,Marc Alvarez,12,B,77,55,48,93,40,98,411,68.5,Ideal,Pass,1.5,0.0,3.4,4.5,2.1,41.23,7.0
609,Adrian Turner,11,A,96,77,83,61,86,58,461,76.83,Proficient,Pass,4.2,0.0,2.1,1.4,0.6,9.41,6.9
610,Heather Torres,11,A,72,91,59,81,40,38,381,63.5,Ideal,Pass,1.4,2.0,1.3,5.4,3.0,53.0,7.7
611,Morgan Miller,12,C,66,57,60,37,57,68,345,57.5,Capable,Pass,4.6,0.0,4.2,1.7,2.8,3.89,11.600000000000001
612,Chad Hodges,11,B,61,74,93,65,82,82,457,76.17,Proficient,Pass,3.5,4.0,4.9,6.0,3.6,50.95,16.0
613,Christian Elliott,11,A,53,51,59,59,83,82,387,64.5,Ideal,Pass,1.9,3.0,4.9,2.2,0.7,17.96,10.5
614,Eric Pierce,11,C,72,54,76,66,41,70,379,63.17,Ideal,Pass,4.4,4.0,4.9,5.4,1.2,44.73,14.5
615,Jessica Fuentes,11,B,43,56,100,84,100,82,465,77.5,Proficient,Pass,2.7,3.0,1.3,4.6,2.3,45.14,9.3
616,Miranda Henry,12,C,98,95,69,86,39,61,448,74.67,Proficient,Pass,1.5,1.0,2.5,2.2,1.3,21.66,6.3
617,Richard Robertson,12,B,55,82,67,45,52,45,346,57.67,Capable,Pass,1.8,4.0,2.1,3.9,2.1,37.5,10.0
618,Jenna Butler,12,B,92,94,90,87,82,98,543,90.5,Excellent,Pass,1.9,3.0,0.6,3.2,1.4,36.17,6.9
619,Janet Williams,11,B,45,72,99,100,45,70,431,71.83,Proficient,Pass,4.7,0.0,1.0,2.8,2.4,21.4,8.1
620,Daniel Burton,12,A,77,67,73,70,59,52,398,66.33,Ideal,Pass,5.0,5.0,3.8,5.6,2.2383149448345034,48.83,16.038314944834504
621,Kristin Sanchez,12,B,79,86,86,36,95,100,482,80.33,Proficient,Pass,5.0,1.0,4.4,2.1,3.0,9.33,13.4
622,Tiffany Barrett,11,B,64,94,94,78,45,75,450,75.0,Proficient,Pass,4.3,3.0,4.0,4.5,1.2,37.96,12.5
623,Maria Rodgers,12,C,38,82,52,51,74,36,333,55.5,Capable,Pass,2.7,5.0,4.3,2.7,2.0,20.8,14.0
624,Marie Wise,12,C,73,76,37,39,52,54,331,55.17,Capable,Pass,4.9,2.0,3.1,5.0,3.7,37.63,13.7
625,Julie Lewis,12,B,61,85,43,84,59,95,427,71.17,Proficient,Pass,1.0,4.0,4.8,4.2,1.6,40.0,11.4
626,Becky Edwards,11,A,57,39,97,38,58,60,349,58.17,Capable,Pass,0.8,3.0,1.8,2.2,2.8,21.66,8.399999999999999
627,James Hicks,11,B,42,82,36,56,76,87,379,63.17,Ideal,Pass,2.3,0.0,1.1,3.1,3.1,27.35,6.5
628,Brian Hernandez,12,A,51,61,74,90,95,55,426,71.0,Proficient,Pass,3.2,2.0,3.1,3.5,2.9,28.57,11.200000000000001
629,Makayla Olson,12,A,35,53,92,43,86,66,375,62.5,Ideal,Pass,2.9,4.0,4.5,3.3,2.5,25.7,13.9
630,Gregory Maxwell,11,B,93,79,73,85,57,88,475,79.17,Proficient,Pass,1.6,4.0,3.8,3.3,3.7,29.58,13.099999999999998
631,Joe Vang,11,C,47,85,40,65,55,70,362,60.33,Ideal,Pass,4.5,4.0,1.8,5.6,2.9,31.572173038229373,13.200000000000001
632,Morgan Alexander,11,B,87,50,82,44,48,99,410,68.33,Ideal,Pass,3.9,2.0,2.3,1.8,1.2,13.14,9.399999999999999
633,Amy Morrison,11,B,38,44,94,83,78,86,423,70.5,Proficient,Pass,4.4,3.0,0.7,2.3,3.0,18.1,11.1
634,Adrian Burgess,11,B,94,97,94,43,45,66,439,73.17,Proficient,Pass,3.7,3.0,1.1,5.1,3.4,46.69,11.200000000000001
635,Kathleen Gray,11,A,47,57,72,50,85,56,367,61.17,Ideal,Pass,0.8,0.0,3.5,1.8,1.8,15.11,6.1
636,Melanie Munoz,11,C,39,62,91,41,48,84,365,60.83,Ideal,Pass,3.6,3.0,0.7,1.0,3.2,5.49,10.5
637,Joseph Bowers,11,A,82,65,60,46,37,88,378,63.0,Ideal,Pass,0.6,0.0,2.0,2.0,2.8,18.74,5.4
638,James Moran,11,A,56,56,40,88,100,48,388,64.67,Ideal,Pass,4.2,2.0,3.0,1.9,1.2,12.13,10.399999999999999
639,Emily Adams,12,B,50,64,62,48,80,76,380,63.33,Ideal,Pass,1.3,3.0,3.4,1.1,1.2,9.69,8.899999999999999
640,Gregory James,11,A,70,82,40,43,62,87,384,64.0,Ideal,Pass,1.9,4.0,2.7,6.0,3.0,56.95,11.600000000000001
641,Mary Richardson,11,B,47,76,84,52,77,57,393,65.5,Ideal,Pass,3.4,5.0,1.9,5.3,2.2,49.76,12.5
642,Larry Byrd,12,A,92,83,100,64,99,36,474,79.0,Proficient,Pass,1.5,4.0,3.9,1.6,1.3,15.49,10.700000000000001
643,Tina Herrera,12,A,45,42,52,82,98,72,391,65.17,Ideal,Pass,1.4,3.0,1.4,1.2,3.7,10.68,9.5
644,Barbara Berry,12,C,77,52,70,75,40,88,402,67.0,Ideal,Pass,3.4,2.0,3.9,2.1,3.1,12.33,12.4
645,Laura Perez,12,A,61,41,66,63,83,76,390,65.0,Ideal,Pass,1.3,5.0,0.5,5.3,0.7,57.81,7.5
646,Amanda Dudley,11,A,53,61,51,46,57,61,329,54.83,Capable,Pass,1.6,0.0,2.4,3.3,1.1,30.36,5.1
647,Kevin Ortiz,11,A,89,57,66,73,71,92,448,74.67,Proficient,Pass,4.9,1.0,1.7,4.9,0.8,43.66,8.4
648,Angel Henson,12,B,83,56,95,91,89,99,513,85.5,Excellent,Pass,3.2,3.0,3.9,5.1,3.3,44.84,13.399999999999999
649,Bonnie Kennedy,11,B,89,45,73,54,57,67,385,64.17,Ideal,Pass,2.2,2.0,2.5,2.9,2.6,25.15,9.3
650,Carlos Osborne,11,B,52,95,60,54,59,35,355,59.17,Capable,Pass,0.6,4.0,3.8,2.9,1.9,27.74,10.299999999999999
651,Lindsey Chavez,12,B,82,84,97,74,44,87,468,78.0,Proficient,Pass,4.5,0.0,2.2,3.8,1.2,32.06,7.9
652,John Fischer,12,B,79,100,97,82,42,84,484,80.67,Proficient,Pass,4.7,5.0,1.6,3.4,3.7,28.33,15.0
653,Angela Higgins,12,C,38,53,68,93,53,67,372,62.0,Ideal,Pass,1.6,4.0,4.8,5.2,0.5,49.2,10.899999999999999
654,John Foster,11,C,84,85,45,59,89,56,418,69.67,Ideal,Pass,4.2,2.0,3.6,3.5,2.4,26.29,12.200000000000001
655,Devin Mitchell,12,C,74,87,46,48,79,53,387,64.5,Ideal,Pass,1.7,1.0,4.7,3.0,1.6,24.58,9.0
656,Jacob Doyle,11,B,35,47,43,88,88,71,372,62.0,Ideal,Pass,3.8,1.0,1.3,1.9,1.0,14.95,7.1
657,James Collins,12,A,99,49,92,62,58,60,420,70.0,Proficient,Pass,0.8,1.0,4.1,2.0,3.9,15.07,9.799999999999999
658,Diane Walker,12,B,48,56,45,72,45,83,349,58.17,Capable,Pass,1.1,0.0,2.0,3.9,2.2,36.98,5.300000000000001
659,Kimberly Reed,11,A,42,69,35,40,47,62,295,49.17,Difficult,Fail,2.9,0.0,2.2,3.6,3.9,27.14,9.0
660,Gregory Anderson,12,B,95,78,89,78,82,78,500,83.33,Proficient,Pass,5.0,1.0,4.7,4.3,1.8,32.62,12.5
661,Travis Davis,11,B,77,47,35,93,86,52,390,65.0,Ideal,Pass,0.6,0.0,4.4,2.4,2.9,19.22,7.9
662,Jacqueline Farrell,11,B,92,95,100,87,59,35,468,78.0,Proficient,Pass,4.9,2.0,0.6,2.8,0.7,25.26,8.2
663,Kristina Cooper,12,C,91,64,97,86,45,79,462,77.0,Proficient,Pass,2.4,3.0,4.9,5.3,3.7,45.61,14.0
664,Sharon Hayden,12,B,59,53,99,39,51,98,399,66.5,Ideal,Pass,4.1,2.0,4.2,6.0,4.0,48.35,14.3
665,Ashley Hall,12,A,92,49,96,65,66,62,430,71.67,Proficient,Pass,1.3,5.0,3.6,1.5,4.0,11.87,13.9
666,Douglas Murray,11,A,76,84,70,63,67,95,455,75.83,Proficient,Pass,4.8,5.0,1.1,1.7,2.4,12.95,13.3
667,Amy Gutierrez,12,A,77,63,43,78,83,83,427,71.17,Proficient,Pass,3.4,4.0,4.8,3.2,1.3,25.56,13.5
668,Becky Lewis,12,A,72,46,49,46,78,59,350,58.33,Capable,Pass,3.9,0.0,3.1,1.6,1.6,7.46,8.6
669,Scott Nelson,12,C,35,74,42,59,84,89,383,63.83,Ideal,Pass,1.9,2.0,4.1,5.7,0.9,53.35,8.9
670,Amanda Gill,11,A,85,36,93,75,53,72,414,69.0,Ideal,Pass,4.3,3.0,3.6,1.7,1.5,9.6,12.4
671,Colton Clay,11,C,75,74,99,50,70,96,464,77.33,Proficient,Pass,3.3,1.0,2.7,4.5,1.8,40.42,8.8
672,Veronica Torres,12,A,61,63,41,57,97,85,404,67.33,Ideal,Pass,1.8,5.0,4.6,1.8,0.6,16.01,11.999999999999998
673,Donna Massey,12,B,89,95,79,85,85,44,477,79.5,Proficient,Pass,2.9,2.0,1.8,5.6,3.0,52.85,9.7
674,Laura Morgan,12,A,51,76,41,73,93,55,389,64.83,Ideal,Pass,3.1,3.0,3.6,2.5,1.0,20.18,10.7
675,Victoria Reyes,11,C,60,36,81,48,53,83,361,60.17,Ideal,Pass,4.8,3.0,3.6,1.8,0.7,9.68,12.1
676,Catherine Gomez,12,B,57,41,50,100,78,90,416,69.33,Ideal,Pass,4.9,5.0,3.8,2.2,0.9,14.85,14.6
677,Tracy Russell,12,B,73,57,83,46,94,83,436,72.67,Proficient,Pass,1.7,5.0,2.5,1.1,0.9,12.54,10.1
678,Thomas Bryant,11,B,100,63,37,96,70,47,413,68.83,Ideal,Pass,4.1,1.0,2.2,6.0,3.0,52.28,10.3
679,Jacob Robinson,12,C,51,47,76,43,58,86,361,60.17,Ideal,Pass,4.2,0.0,2.3,5.1,3.2,41.33,9.7
680,Melinda Martin,12,A,50,61,50,58,58,35,312,52.0,Capable,Pass,3.0,2.0,1.1,1.6,1.2,13.11,7.3
681,Monique Johnson,11,A,67,39,45,50,99,73,373,62.17,Ideal,Pass,2.1,4.0,1.3,5.9,2.8,57.71,10.2
682,Karen Parrish,11,B,40,72,91,52,97,75,427,71.17,Proficient,Pass,2.9,2.0,3.2,3.6,2.9,30.04,11.000000000000002
683,James West,11,A,39,59,53,73,62,52,338,56.33,Capable,Pass,3.2,1.0,3.2,2.4,3.1,15.21,10.5
684,Kevin Cabrera,12,A,67,68,83,55,86,93,452,75.33,Proficient,Pass,0.9,2.0,3.5,5.7,1.0,57.28,7.4
685,Randy Simpson,11,A,69,59,82,100,55,88,453,75.5,Proficient,Pass,4.2,2.0,5.0,3.2,0.6,23.93,11.799999999999999
686,Justin Hays,11,A,69,50,49,87,43,77,375,62.5,Ideal,Pass,3.4,2.0,4.6,4.9,1.0,41.35,11.0
687,Emily Nelson,11,B,36,47,83,63,83,48,360,60.0,Ideal,Pass,4.0,0.0,1.3,4.6,1.6,40.13,6.9
688,Allison Luna,12,A,79,71,69,47,41,56,363,60.5,Ideal,Pass,1.9,3.0,1.3,5.0,2.9,48.32,9.1
689,Alejandro Vaughan,12,B,51,68,36,100,54,51,360,60.0,Ideal,Pass,1.1,4.0,3.8,1.3,3.0,9.5,11.899999999999999
690,Harry Smith,12,C,66,88,93,58,91,80,476,79.33,Proficient,Pass,4.1,4.0,1.8,5.8,2.3,54.27,12.2
691,Debra Mack,11,B,46,74,87,75,46,45,373,62.17,Ideal,Pass,0.8,1.0,4.8,1.8,0.7,31.572173038229373,7.3
692,Maria Montgomery,12,C,98,36,89,100,52,96,471,78.5,Proficient,Pass,2.7,5.0,5.0,5.4,2.9,47.97,15.6
693,Meghan Davis,12,A,59,35,89,79,66,40,368,61.33,Ideal,Pass,3.2,1.0,3.5,5.4,2.3,46.22,10.0
694,Debra Wang,11,A,44,81,52,100,80,41,398,66.33,Ideal,Pass,2.4,3.0,1.3,5.8,1.7,57.34,8.4
695,Chelsea Allen,11,C,50,72,73,96,72,68,431,71.83,Proficient,Pass,1.5,5.0,3.3,3.0,3.7,27.29,13.5
696,Robin Ellis,11,B,97,42,80,35,93,77,424,70.67,Proficient,Pass,1.8,0.0,0.5,5.5,1.2,56.28,3.5
697,Molly Knight,12,A,47,90,97,60,45,100,439,73.17,Proficient,Pass,4.5,3.0,1.1,3.4,1.0,30.97,9.6
698,Natalie Arroyo,12,A,95,85,82,73,81,89,505,84.17,Proficient,Pass,4.5,4.0,4.2,1.5,2.0,7.72,14.7
699,Daniel Graham,12,A,52,80,90,35,80,60,397,66.17,Ideal,Pass,1.0,2.0,0.7,3.0,3.1,30.85,6.800000000000001
700,Joshua Martinez,11,A,60,96,69,50,88,97,460,76.67,Proficient,Pass,3.0,5.0,3.7,2.6,3.2,20.78,14.899999999999999
701,Mary Aguilar,12,C,84,51,49,48,37,51,320,53.33,Capable,Pass,1.2,4.0,0.6,4.4,0.7,47.19,6.5
702,Richard Morgan,12,B,36,90,96,72,71,97,462,77.0,Proficient,Pass,0.9,3.0,1.6,1.8,2.3,20.24,7.8
703,Charles Ware,11,B,49,68,66,89,60,95,427,71.17,Proficient,Pass,3.7,0.0,3.7,3.5,1.1,27.85,8.5
704,John Bruce,11,A,50,51,86,39,70,59,355,59.17,Capable,Pass,4.7,3.0,0.6,2.0,3.5,12.92,11.8
705,Aaron Mitchell,12,B,74,64,63,78,89,96,464,77.33,Proficient,Pass,0.8,3.0,3.4,2.5,1.4,25.85,8.6
706,Robert Bauer,12,B,88,66,75,41,58,40,368,61.33,Ideal,Pass,0.5,5.0,3.9,2.1,2.2,20.14,11.600000000000001
707,Molly Knox,11,B,58,67,97,81,77,73,453,75.5,Proficient,Pass,1.0,5.0,0.6,3.8,3.5,40.95,10.1
708,Erik Murphy,12,B,81,82,65,70,61,84,443,73.83,Proficient,Pass,0.9,0.0,1.1,3.5799180327868854,0.9,49.85,2.9
709,Steven Torres,11,A,92,47,44,78,73,95,429,71.5,Proficient,Pass,5.0,1.0,2.9,3.5799180327868854,0.9,10.22,9.8
710,Dawn Steele,12,C,67,79,81,92,50,90,459,76.5,Proficient,Pass,0.8,3.0,2.9,3.5799180327868854,3.3,57.24,10.0
711,Jeffrey Hayes,11,C,70,51,72,40,42,59,334,55.67,Capable,Pass,3.8,3.0,2.7,3.5799180327868854,2.3,29.66,11.8
712,Christopher Parker,11,A,91,100,84,84,86,69,514,85.67,Excellent,Pass,1.4,0.0,1.2,3.5799180327868854,2.9,21.49,5.5
713,Nathan Hines,12,C,68,73,63,72,69,50,395,65.83,Ideal,Pass,1.3,0.0,2.9,3.5799180327868854,2.7,21.39,6.9
714,Christopher Hall,12,A,69,41,66,61,49,35,321,53.5,Capable,Pass,3.4,5.0,3.2,3.5799180327868854,0.8,23.29,12.400000000000002
715,James Maynard,12,C,52,87,72,76,42,36,365,60.83,Ideal,Pass,4.2,1.0,3.8,3.5799180327868854,1.4,14.8,10.4
716,Dorothy Ryan,11,C,48,83,67,61,91,63,413,68.83,Ideal,Pass,2.0,1.0,3.1,3.5799180327868854,3.1,45.01,9.2
717,Tyler Compton,11,B,64,90,82,53,96,46,431,71.83,Proficient,Pass,2.7,3.0,1.3,3.5799180327868854,1.2,52.89,8.2
718,Leslie Adams,12,C,58,71,37,74,55,57,352,58.67,Capable,Pass,4.2,5.0,3.2,3.5799180327868854,0.8,7.21,13.2
719,Brooke Leonard,11,B,86,47,52,36,47,83,351,58.5,Capable,Pass,2.2,0.0,4.2,3.5799180327868854,2.8,39.79,9.2
720,Brooke Harvey,11,A,66,45,69,53,36,36,305,50.83,Capable,Pass,4.8,0.0,2.9,3.5799180327868854,3.5,37.93,11.2
721,John Morris,11,A,52,96,91,55,74,77,445,74.17,Proficient,Pass,2.7,1.0,0.8,3.5799180327868854,2.7,43.08,7.2
722,Jason Hahn,11,A,40,48,72,48,100,88,396,66.0,Ideal,Pass,1.1,1.0,0.6,3.1,1.0,33.8,3.7
723,Thomas Santana,12,A,84,49,97,56,49,63,398,66.33,Ideal,Pass,1.0,2.0,2.1,4.1,0.9,42.4,6.0
724,Carlos Ramos,11,A,54,57,89,77,58,89,424,70.67,Proficient,Pass,1.2,5.0,3.6,4.1,1.5,40.97,11.3
725,Andrea Salazar,11,B,98,82,68,44,35,54,381,63.5,Ideal,Pass,4.0,1.0,1.9,3.0,3.0,22.4,9.9
726,Joseph Christian,12,A,49,89,70,53,46,76,383,63.83,Ideal,Pass,5.0,1.0,4.0,2.8,2.2,16.24,12.2
727,Chelsea Hernandez,12,C,87,77,52,66,84,88,454,75.67,Proficient,Pass,3.0,4.0,2.9,3.7,3.4,32.14,13.3
728,Audrey Nichols,12,A,88,63,46,65,81,35,378,63.0,Ideal,Pass,1.4,0.0,2.1,3.4,1.0,33.15,4.5
729,Jessica Davis,11,A,79,81,52,72,93,53,430,71.67,Proficient,Pass,4.3,4.0,4.9,5.6,1.3,47.66,14.500000000000002
730,David Cunningham,11,A,52,50,53,83,38,89,365,60.83,Ideal,Pass,2.2,5.0,1.0,3.9,2.2,39.04,10.399999999999999
731,Matthew Harper,11,A,53,81,53,45,66,44,342,57.0,Capable,Pass,0.6,3.0,1.2,1.9,3.1,19.48,7.9
732,Jeffrey Turner,12,B,87,78,91,36,71,49,412,68.67,Ideal,Pass,1.2,5.0,0.6,4.8,2.3,51.31,9.1
733,Denise Webster,11,B,89,93,68,99,74,64,487,81.17,Proficient,Pass,2.4,1.0,1.7,1.5,1.8,14.11,6.8999999999999995
734,Andrea Williams,11,C,62,86,42,63,85,58,396,66.0,Ideal,Pass,4.2,4.0,3.2,1.4,2.9,5.92,14.299999999999999
735,Sandra Romero,12,B,86,83,56,41,82,89,437,72.83,Proficient,Pass,1.4,0.0,1.0,2.8,3.2,27.14,5.6
736,Shannon Frazier,12,A,65,71,55,48,43,62,344,57.33,Capable,Pass,3.2,2.0,1.3,2.0,3.8,13.82,10.3
737,Thomas Mueller,11,B,45,40,96,40,41,75,337,56.17,Capable,Pass,0.9,2.0,0.5,2.8,1.5,30.27,4.9
738,Tina Sanchez,12,C,59,75,85,80,51,47,397,66.17,Ideal,Pass,2.0,5.0,2.8,3.5,3.2,32.08,13.0
739,Keith Landry,11,C,83,96,39,72,55,54,399,66.5,Ideal,Pass,3.6,0.0,4.5,1.5,3.0,4.1,11.1
740,Debbie Fisher,11,C,53,55,99,78,92,51,428,71.33,Proficient,Pass,2.0,2.0,3.3,5.7,0.6,55.46,7.8999999999999995
741,Nicholas Conner,12,A,61,44,54,98,47,36,340,56.67,Capable,Pass,1.1,2.0,3.0,5.8,3.2,54.13,9.3
742,Leslie Walton,11,B,47,93,75,56,72,55,398,66.33,Ideal,Pass,0.8,4.0,2.1,1.4,1.1,16.56,8.0
743,Tyler Strong,12,B,95,67,91,52,50,97,452,75.33,Proficient,Pass,0.7,2.0,2.3,5.3,3.7,52.24,8.7
744,Loretta Austin,11,B,81,100,75,82,45,87,470,78.33,Proficient,Pass,2.8,2.0,4.4,6.0,0.6,55.91,9.799999999999999
745,Jared Bush,11,C,66,36,54,48,72,83,359,59.83,Capable,Pass,1.2,3.0,4.3,2.1,3.6,15.31,12.1
746,Erin Herrera,11,B,94,94,94,48,45,58,433,72.17,Proficient,Pass,3.8,3.0,4.0,2.0,1.7,31.572173038229373,12.5
747,Rick Daniels,12,B,97,62,95,49,70,93,466,77.67,Proficient,Pass,0.7,1.0,4.8,1.7,1.2,15.23,7.7
748,Christina Robinson,11,C,83,42,81,90,95,62,453,75.5,Proficient,Pass,0.7,0.0,4.8,4.4,1.4,41.27,6.9
749,William Hoover,11,A,53,43,70,86,45,73,370,61.67,Ideal,Pass,4.4,3.0,4.4,3.6,2.8,24.91,14.600000000000001
750,Tanya House,12,A,41,46,89,78,73,56,383,63.83,Ideal,Pass,1.4,3.0,2.7,3.7,3.2,34.19,10.3
751,Jared Clark,12,B,84,36,60,44,53,76,353,58.83,Capable,Pass,3.5,5.0,3.8,4.7,1.6,40.76,13.9
752,Donna Moore,11,B,53,98,75,49,87,68,430,71.67,Proficient,Pass,2.8,0.0,4.9,5.7,3.5,47.02,11.2
753,Lisa Hughes,12,C,47,39,62,59,88,56,351,58.5,Capable,Pass,3.2,1.0,2.1,5.8,3.9,50.12,10.200000000000001
754,Sandra Jones,11,B,81,37,73,74,99,50,414,69.0,Ideal,Pass,3.6,5.0,5.0,3.1,1.7,23.66,15.299999999999999
755,Charles Brown,12,C,77,49,57,93,89,82,447,74.5,Proficient,Pass,1.3,4.0,1.2,3.2,1.5,35.25,8.0
756,Derek Murray,12,C,71,47,46,48,46,37,295,49.17,Difficult,Fail,3.3,3.0,1.0,4.7,2.7,42.08,10.0
757,Lisa Santiago,11,C,91,99,39,72,88,62,451,75.17,Proficient,Pass,1.5,3.0,3.0,1.6,3.5,13.32,11.0
758,Grace Bradshaw,11,B,94,87,85,35,82,63,446,74.33,Proficient,Pass,2.8,2.0,4.5,2.3,3.4,15.0,12.700000000000001
759,Gina Garner,12,C,65,35,88,39,36,38,301,50.17,Capable,Pass,1.2,2.0,4.3,3.6,3.1,29.45,10.6
760,Craig Ramirez,12,B,56,90,65,85,59,85,440,73.33,Proficient,Pass,4.2,4.0,2.4,5.7,1.9,52.05,12.5
761,Keith Martinez,11,B,75,55,90,64,47,51,382,63.67,Ideal,Pass,2.8,5.0,3.1,3.0,3.2,24.78,14.100000000000001
762,Alicia Bryant,12,C,55,76,61,46,46,38,322,53.67,Capable,Pass,2.5,5.0,4.0,1.8,2.7,11.63,14.2
763,Anna Herman,11,C,83,38,51,93,80,58,403,67.17,Ideal,Pass,1.6,1.0,1.8,3.7,1.4,36.64,5.800000000000001
764,Daniel Hicks,12,B,41,70,45,53,37,48,294,49.0,Difficult,Fail,1.0,4.0,1.1,1.7,1.4,18.57,7.5
765,Tracey Garcia,11,A,44,98,81,61,85,47,416,69.33,Ideal,Pass,2.7,0.0,2.4,3.4,2.7,28.69,7.8
766,Erica Young,11,C,88,83,75,92,55,58,451,75.17,Proficient,Pass,1.8,1.0,3.5,4.2,3.5,36.97,9.8
767,Erin Cisneros,11,B,79,96,35,55,67,50,382,63.67,Ideal,Pass,1.4,0.0,2.9,3.6,3.2,31.38,7.5
768,Jill Porter,11,B,49,62,38,76,52,63,340,56.67,Capable,Pass,0.9,5.0,4.7,2.3,2.2,19.68,12.8
769,Michael Cook,11,B,72,94,98,90,100,86,540,90.0,Excellent,Pass,4.7,2.0,1.3,4.4,3.6,38.33,11.6
770,Laura Valencia,12,B,48,74,56,61,97,90,426,71.0,Proficient,Pass,4.5,3.0,3.2,2.4,1.6,16.88,12.299999999999999
771,Amanda Reed,11,C,84,89,60,80,82,43,438,73.0,Proficient,Pass,2.5,0.0,4.8,2.3,1.9,15.82,9.2
772,Jonathan Scott,12,B,38,49,58,76,89,58,368,61.33,Ideal,Pass,2.1,0.0,1.5,2.9,1.0,27.48,4.6
773,Michael Jones,12,A,36,75,36,77,62,94,380,63.33,Ideal,Pass,3.1,2.0,4.5,3.8,1.8,30.22,11.4
774,Cory Jennings,11,C,62,48,70,44,88,90,402,67.0,Ideal,Pass,1.9,2.0,1.4,1.2,2.2,11.16,7.5
775,Cameron Hill,11,B,88,50,50,92,56,76,412,68.67,Ideal,Pass,3.2,1.0,3.1,2.4,2.8,16.96,10.100000000000001
776,Julie Hamilton,11,B,71,51,86,39,40,78,365,60.83,Ideal,Pass,3.4,0.0,2.6,5.1,2.0,43.98,8.0
777,Erika Tucker,12,B,75,79,86,45,75,98,458,76.33,Proficient,Pass,3.3,3.0,1.8,5.9,2.2,56.19,10.3
778,Claudia Lin,11,B,48,38,63,41,36,52,278,46.33,Difficult,Fail,1.0,2.0,4.4,4.6,1.3,41.47,8.700000000000001
779,John Thomas,11,A,82,35,41,68,40,49,315,52.5,Capable,Pass,0.7,2.0,0.8,2.6,2.6,26.53,6.1
780,Alexander Valdez,12,B,56,52,93,50,51,75,377,62.83,Ideal,Pass,4.4,4.0,4.5,5.8,1.9,48.45,14.8
781,Nicole Sanchez,12,C,50,65,96,97,70,76,454,75.67,Proficient,Pass,4.0,3.0,1.5,2.3,1.5,20.02,10.0
782,Gary Dixon,11,B,66,61,44,44,98,42,355,59.17,Capable,Pass,1.5,5.0,1.5,5.1,1.2,52.73,9.2
783,Madison Blankenship,11,B,61,100,75,74,93,54,457,76.17,Proficient,Pass,4.3,0.0,4.6,2.1,1.8,10.96,10.7
784,Deborah Lynch,12,C,100,60,86,59,43,70,418,69.67,Ideal,Pass,2.4,5.0,1.9,5.3,2.8,51.46,12.100000000000001
785,Margaret Jones,11,B,48,49,65,37,93,58,350,58.33,Capable,Pass,1.7,3.0,3.5,3.3,1.4,30.0,9.6
786,Tina Silva,11,B,90,62,54,85,99,90,480,80.0,Proficient,Pass,2.8,0.0,2.5,2.8,0.7,25.81,6.0
787,Ellen Paul,12,C,89,59,72,59,86,57,422,70.33,Proficient,Pass,3.2,4.0,3.2,3.6,0.9,32.75,11.3
788,Mariah Miller,11,C,66,49,63,49,41,39,307,51.17,Capable,Pass,3.1,1.0,0.8,1.5,1.3,11.66,6.199999999999999
789,Laura Jackson,12,B,85,47,63,69,98,61,423,70.5,Proficient,Pass,1.3,1.0,2.1,2.4,2.6,22.68,7.0
790,Eric Yu,11,A,58,99,96,74,65,56,448,74.67,Proficient,Pass,1.9,0.0,1.2,2.7,2.1,26.35,5.199999999999999
791,Elizabeth Hoover,11,C,95,89,77,37,57,68,423,70.5,Proficient,Pass,4.5,1.0,3.6,5.3,2.6,43.03,11.7
792,Michael Matthews,12,C,35,97,66,95,49,40,382,63.67,Ideal,Pass,4.2,4.0,3.6,2.5,1.3,18.01,13.1
793,Melissa Short,11,A,47,47,73,77,92,97,433,72.17,Proficient,Pass,3.8,4.0,1.7,3.4,1.8,30.91,11.3
794,Jennifer Malone,11,B,73,77,96,49,69,37,401,66.83,Ideal,Pass,1.2,3.0,4.4,4.3,1.0,31.572173038229373,9.600000000000001
795,Alexander Herrera,12,A,66,90,81,61,46,59,403,67.17,Ideal,Pass,4.6,3.0,3.4,5.8,3.6,47.6,14.6
796,Thomas Coffey,12,C,57,68,79,77,85,88,454,75.67,Proficient,Pass,4.8,2.0,1.9,1.2,2.3,5.36,11.0
797,Richard Martin,12,C,50,90,93,79,71,49,432,72.0,Proficient,Pass,4.9,3.0,4.7,1.7,2.9,5.37,15.500000000000002
798,Heidi Martinez,12,C,55,73,97,71,43,72,411,68.5,Ideal,Pass,0.6,0.0,1.5,5.1,0.9,53.32,3.0
799,Anthony Gonzalez,12,B,35,90,80,35,41,67,348,58.0,Capable,Pass,1.1,2.0,4.0,3.5,3.9,28.92,11.0
800,Timothy Harris,11,A,69,53,60,90,45,72,389,64.83,Ideal,Pass,1.5,3.0,4.7,2.2,2.9,16.45,12.1
801,Michael Farmer,12,B,86,47,68,73,74,57,405,67.5,Ideal,Pass,3.0,5.0,4.4,5.0,1.0,45.45,13.4
802,Richard Shaw,11,B,52,88,60,73,74,45,392,65.33,Ideal,Pass,1.8,5.0,2.6,1.9,3.2,16.69,12.600000000000001
803,Marvin Williams,12,A,52,91,75,99,80,94,491,81.83,Proficient,Pass,2.1,3.0,2.4,3.1,0.6,32.16,8.1
804,Jason Taylor,11,B,46,52,73,66,100,82,419,69.83,Ideal,Pass,1.1,4.0,4.5,5.4,0.7,53.19,10.299999999999999
805,Steven Wilson,12,A,86,35,94,93,41,45,394,65.67,Ideal,Pass,0.7,5.0,1.0,4.0,3.4,42.09,10.1
806,Samantha Bright,12,C,77,42,50,100,41,61,371,61.83,Ideal,Pass,2.8,4.0,3.8,3.5,1.3,30.32,11.9
807,Anthony Williams,11,B,74,35,97,60,49,43,358,59.67,Capable,Pass,0.5,4.0,4.5,3.6,1.4,34.54,10.4
808,Christopher Franklin,11,B,38,99,91,85,42,50,405,67.5,Ideal,Pass,1.8,3.0,4.9,5.1,3.4,44.22,13.1
809,Connie Simmons,12,C,91,50,90,53,37,58,379,63.17,Ideal,Pass,1.1,5.0,3.5,1.9,3.1,16.65,12.7
810,Audrey Aguirre,11,B,96,72,72,47,98,82,467,77.83,Proficient,Pass,3.5,3.0,2.2,5.0,2.1,46.46,10.799999999999999
811,Tara White,12,A,38,71,93,50,84,36,372,62.0,Ideal,Pass,3.1,0.0,3.4,5.5,2.7,46.66,9.2
812,Joseph Zuniga,11,B,52,94,93,70,36,55,400,66.67,Ideal,Pass,2.1,4.0,1.4,5.5,2.3,54.61,9.8
813,Matthew Moore,11,A,54,80,78,93,52,70,427,71.17,Proficient,Pass,4.0,5.0,1.9,3.0,3.7,24.33,14.600000000000001
814,Daniel Hall,12,B,95,58,99,68,51,76,447,74.5,Proficient,Pass,3.1,4.0,2.1,4.1,1.9,38.82,11.1
815,Amanda Little,11,A,55,64,47,48,98,95,407,67.83,Ideal,Pass,2.0,1.0,4.9,5.0,3.1,42.21,11.0
816,Colin Roberts,11,A,57,84,88,43,42,67,381,63.5,Ideal,Pass,1.0,5.0,0.8,4.8,2.6,50.53,9.4
817,Joseph Brennan,11,A,76,48,92,83,52,60,411,68.5,Ideal,Pass,1.4,3.0,2.5,2.4,1.2,24.36,8.1
818,Mark Vang,11,B,59,46,38,47,61,39,290,48.33,Difficult,Fail,4.1,0.0,2.1,3.0,2.4,20.6,8.6
819,Terrance Costa,11,B,58,98,59,61,95,99,470,78.33,Proficient,Pass,2.1,4.0,4.5,5.3,3.3,47.92,13.899999999999999
820,Courtney Hernandez,12,B,83,44,45,51,73,47,343,57.17,Capable,Pass,1.0,1.0,0.7,3.7,0.6,39.45,3.3000000000000003
821,Curtis Barton,12,B,84,80,43,55,71,44,377,62.83,Ideal,Pass,2.9,1.0,4.3,5.7,2.3,48.77,10.5
822,Sheena Rosales,12,C,42,49,95,68,38,39,331,55.17,Capable,Pass,2.0,2.0,1.4,5.4,0.7,53.58,6.1000000000000005
823,Charles Lewis,11,C,77,42,65,98,44,39,365,60.83,Ideal,Pass,2.1,0.0,4.8,4.0,2.6,31.56,9.5
824,Timothy Young,11,C,96,51,69,40,48,39,343,57.17,Capable,Pass,2.7,1.0,3.4,3.2,1.6,25.8,8.7
825,Ryan Khan,11,A,42,38,60,83,37,96,356,59.33,Capable,Pass,0.7,3.0,3.6,3.1,2.0,29.23,9.3
826,Thomas Medina,11,A,91,50,82,80,59,78,440,73.33,Proficient,Pass,2.5,0.0,1.6,1.5,0.5,14.33,4.6
827,Steven Bishop,12,C,40,36,66,42,44,42,270,45.0,Difficult,Fail,1.1,1.0,1.8,2.6,2.6,22.98,6.5
828,Jason Salinas,11,B,51,85,96,50,44,44,370,61.67,Ideal,Pass,1.6,4.0,1.4,4.5,3.3,43.91,10.3
829,Brenda Hoffman,11,B,73,81,72,66,69,75,436,72.67,Proficient,Pass,3.6,4.0,1.0,2.7,1.9,25.29,10.5
830,James Lawson,12,B,45,61,52,64,74,61,357,59.5,Capable,Pass,1.1,5.0,4.2,1.7,3.9,12.27,14.200000000000001
831,Mark Martinez,12,C,93,49,37,98,39,69,385,64.17,Ideal,Pass,1.8,3.0,1.9,5.8,0.7,58.63,7.3999999999999995
832,Courtney Berger,12,B,37,83,84,91,40,63,398,66.33,Ideal,Pass,1.4,1.0,3.5,3.7,2.8,32.72,8.7
833,Kristina Holland,11,C,79,38,78,68,62,38,363,60.5,Ideal,Pass,2.0,4.0,2.5,3.1,3.1,27.58,11.6
834,Philip Larson,11,A,84,71,94,89,68,55,461,76.83,Proficient,Pass,4.8,3.0,3.9,5.6,1.0,48.53,12.7
835,Erik Watson,11,B,70,45,66,72,78,85,416,69.33,Ideal,Pass,0.7,2.0,2.1,4.3,3.2,42.54,8.0
836,Vincent White,11,A,74,76,68,57,91,94,460,76.67,Proficient,Pass,0.6,0.0,2.6,5.8,2.2,57.93,5.4
837,Becky Griffith,11,B,42,45,70,75,43,91,366,61.0,Ideal,Pass,1.3,2.0,1.7,3.5,1.3,35.39,6.3
838,Scott Callahan,11,A,41,64,49,39,58,99,350,58.33,Capable,Pass,4.4,4.0,1.9,3.8,1.3,31.572173038229373,11.600000000000001
839,Jeffrey Smith,12,B,37,80,40,65,79,48,349,58.17,Capable,Pass,0.8,3.0,1.0,1.4,1.2,16.78,6.0
840,Rebecca Gardner,12,C,88,44,89,71,53,38,383,63.83,Ideal,Pass,2.0,2.0,2.0,3.0,2.8,27.02,8.8
841,Kari Wilson,12,B,38,55,82,40,72,54,341,56.83,Capable,Pass,4.6,0.0,1.0,2.1,1.6,14.06,7.199999999999999
842,Jack Williams,12,A,83,39,54,83,45,44,348,58.0,Capable,Pass,4.8,1.0,3.0,6.0,2.7,48.96,11.5
843,Haley Lyons,12,C,50,41,95,91,75,69,421,70.17,Proficient,Pass,1.4,4.0,1.8,2.2,1.4,23.84,8.6
844,Debra Gardner,12,A,93,75,49,65,91,87,460,76.67,Proficient,Pass,2.1,2.0,3.0,1.4,1.8,11.81,8.9
845,Stephanie Key,12,C,64,92,88,64,51,66,425,70.83,Proficient,Pass,4.0,3.0,3.5,4.3,2.6,35.21,13.1
846,Keith Cabrera,12,B,75,50,45,87,88,99,444,74.0,Proficient,Pass,4.9,4.0,2.7,5.4,1.2,48.11,12.8
847,Malik Turner,11,B,36,56,50,88,68,95,393,65.5,Ideal,Pass,3.8,1.0,4.4,5.2,0.6,44.13,9.799999999999999
848,Christopher Cortez,11,A,51,100,84,89,80,51,455,75.83,Proficient,Pass,2.3,4.0,1.6,2.5,1.7,25.54,9.6
849,Michael Cox,12,C,48,40,44,80,92,87,391,65.17,Ideal,Pass,3.3,5.0,4.3,2.4,2.2,17.33,14.8
850,Yolanda Ferrell,11,C,58,100,45,54,35,82,374,62.33,Ideal,Pass,3.5,3.0,2.2,3.2,2.3,26.67,11.0
851,Keith Frye,12,A,64,73,98,78,41,100,454,75.67,Proficient,Pass,4.3,3.0,1.8,2.9,3.2,22.93,12.3
852,Brian Silva,11,A,61,90,70,75,47,79,422,70.33,Proficient,Pass,1.8,0.0,1.8,3.4,1.3,33.17,4.9
853,Michelle Ray,11,B,68,48,64,70,53,47,350,58.33,Capable,Pass,1.4,4.0,3.9,1.1,3.7,5.74,13.0
854,Theresa Jones,11,A,97,38,82,61,71,89,438,73.0,Proficient,Pass,3.8,4.0,1.1,3.3,3.7,28.61,12.600000000000001
855,Laura Hicks,11,B,90,98,68,46,52,70,424,70.67,Proficient,Pass,3.8,0.0,4.9,5.0,3.1,38.4,11.799999999999999
856,Anne Bryan,11,C,44,76,55,99,77,70,421,70.17,Proficient,Pass,2.5,5.0,2.8,4.9,3.0,45.72,13.3
857,Matthew Cook,12,A,90,47,75,59,39,36,346,57.67,Capable,Pass,1.6,4.0,2.2,5.7,2.9,54.79,10.7
858,Samantha Osborn,12,B,54,97,58,98,71,51,429,71.5,Proficient,Pass,1.4,0.0,4.8,5.3,3.1,46.43,9.299999999999999
859,Scott Lewis,11,B,43,97,61,57,39,88,385,64.17,Ideal,Pass,3.6,4.0,2.2,3.9,2.7,33.68,12.5
860,John Martinez,12,C,58,73,64,72,97,97,461,76.83,Proficient,Pass,4.1,3.0,3.2,3.7,1.5,31.38,11.8
861,Ronald Smith,11,A,71,88,92,76,66,89,482,80.33,Proficient,Pass,1.0,3.0,4.8,4.3,1.7,41.29,10.5
862,Tammy Montoya,12,C,51,96,97,87,65,38,434,72.33,Proficient,Pass,1.8,4.0,1.5,5.3,1.9,54.1,9.2
863,Rebecca Bailey,12,B,75,87,85,91,89,86,513,85.5,Excellent,Pass,1.7,0.0,1.7,4.6,1.7,46.56,5.1
864,Brandy Dominguez,11,B,92,87,63,56,61,49,408,68.0,Ideal,Pass,4.8,4.0,3.2,1.6,2.4,7.52,14.4
865,Sharon Collins,11,B,46,77,80,43,41,61,348,58.0,Capable,Pass,2.1,1.0,4.9,5.2,1.9,44.47,9.9
866,Shannon Perez,11,B,55,82,77,87,62,66,429,71.5,Proficient,Pass,4.7,0.0,4.3,4.8,2.3,36.54,11.3
867,Laurie Taylor,12,B,40,55,71,73,38,64,341,56.83,Capable,Pass,3.3,5.0,1.6,2.4,0.9,22.1,10.8
868,Carla Chambers,12,C,86,51,69,45,44,44,339,56.5,Capable,Pass,2.8,5.0,3.9,3.1,0.6,26.98,12.299999999999999
869,Zoe Bell,11,A,85,59,74,76,89,100,483,80.5,Proficient,Pass,3.8,2.0,1.7,2.0,1.4,17.22,8.9
870,Mike Moore,12,B,72,89,46,63,87,70,427,71.17,Proficient,Pass,2.7,5.0,2.9,2.2,0.6,21.15,11.2
871,Troy Miller,12,C,85,82,48,92,63,38,408,68.0,Ideal,Pass,2.3,1.0,2.5,3.4,0.9,31.87,6.7
872,Edward Brown,12,B,53,45,47,56,61,97,359,59.83,Capable,Pass,3.2,0.0,1.1,4.1,2.2,36.29,6.500000000000001
873,Jennifer Zuniga,11,A,98,67,87,74,78,54,458,76.33,Proficient,Pass,0.7,5.0,3.0,3.0,0.5,33.63,9.2
874,Lindsey Harrison,11,C,97,98,75,65,76,94,505,84.17,Proficient,Pass,3.7,4.0,3.0,4.7,3.1,41.8,13.799999999999999
875,Cynthia Rogers,11,B,44,83,51,36,55,50,319,53.17,Capable,Pass,1.2,3.0,4.4,1.6,3.6,9.5,12.200000000000001
876,Theresa Anderson,12,A,97,52,88,86,36,72,431,71.83,Proficient,Pass,1.0,2.0,3.7,5.4,1.4,52.95,8.1
877,Cindy Johnson,12,C,82,56,53,72,61,82,406,67.67,Ideal,Pass,2.8,2.0,2.6,2.1,1.7,17.23,9.1
878,Andrew Evans,11,A,95,36,75,88,57,54,405,67.5,Ideal,Pass,2.6,0.0,1.9,1.9,2.9,14.22,7.4
879,Michael Reyes,12,B,47,42,94,55,43,79,360,60.0,Ideal,Pass,3.4,1.0,2.1,1.1,1.2,6.11,7.7
880,Stephen Rodriguez,12,B,74,82,86,67,60,44,413,68.83,Ideal,Pass,3.2,0.0,3.8,2.4,1.4,17.1,8.4
881,Jessica Nunez,11,A,84,77,70,95,61,56,443,73.83,Proficient,Pass,0.5,1.0,5.0,1.5,3.3,10.42,9.8
882,Ronald Stephens,11,A,56,95,35,76,44,41,347,57.83,Capable,Pass,1.1,3.0,2.4,3.4,1.6,33.56,8.1
883,Chelsea Lee,11,A,85,83,84,95,80,74,501,83.5,Proficient,Pass,4.3,2.0,2.9,5.4,3.4,46.32,12.6
884,Christopher Guerrero,11,C,70,53,90,91,97,67,468,78.0,Proficient,Pass,3.6,4.0,4.5,4.3,1.1,37.53,13.2
885,Miguel Lara,12,B,79,89,62,59,83,82,454,75.67,Proficient,Pass,1.3,5.0,5.0,2.0,1.8,17.81,13.100000000000001
886,Robert Fowler,11,A,74,77,47,82,67,99,446,74.33,Proficient,Pass,4.6,4.0,1.7,4.2,2.7,36.44,13.0
887,Charles Walsh,12,A,67,70,42,38,95,93,405,67.5,Ideal,Pass,2.7,3.0,3.9,4.2,2.4,36.12,12.0
888,Jessica Fuller,11,A,82,38,54,57,51,45,327,54.5,Capable,Pass,2.4,0.0,0.8,4.2,0.7,40.61,3.9000000000000004
889,John Davidson,11,C,70,59,37,77,75,56,374,62.33,Ideal,Pass,4.6,4.0,3.7,2.8,0.5,20.88,12.8
890,Catherine Robertson,12,B,42,43,59,99,53,69,365,60.83,Ideal,Pass,0.9,3.0,0.7,4.0,2.9,41.25,7.5
891,Victoria Wilson,12,A,35,74,70,79,50,78,386,64.33,Ideal,Pass,2.6,5.0,0.9,5.7,0.8,58.42,9.3
892,Patricia Salazar,11,A,46,58,75,37,56,36,308,51.33,Capable,Pass,1.5,2.0,2.6,5.4,3.8,48.67,9.899999999999999
893,Martha Warner,12,C,59,51,74,41,83,71,379,63.17,Ideal,Pass,1.3,1.0,3.0,3.1,3.4,26.64,8.7
894,Monique Andrews,12,A,57,72,68,91,68,46,402,67.0,Ideal,Pass,2.7,4.0,2.1,4.9,2.3,46.39,11.100000000000001
895,James Cruz,11,A,84,54,61,90,79,71,439,73.17,Proficient,Pass,1.4,5.0,4.9,3.8,3.1,33.95,14.4
896,William Thompson,12,A,100,61,68,62,94,68,453,75.5,Proficient,Pass,0.6,0.0,2.8,4.2,2.2,41.51,5.6
897,Adam Wise,12,C,76,82,83,39,76,48,404,67.33,Ideal,Pass,3.3,0.0,1.2,3.4,1.7,30.29,6.2
898,Matthew Chavez,11,A,80,74,55,94,58,37,398,66.33,Ideal,Pass,2.5,4.0,2.6,3.9,2.0,36.33,11.1
899,Lindsey Lee,12,B,66,67,82,78,96,86,475,79.17,Proficient,Pass,1.9,1.0,3.9,5.5,2.3,51.01,9.1
900,Rebecca Davis,12,B,69,86,38,55,100,56,404,67.33,Ideal,Pass,4.7,4.0,4.8,5.7,1.2,47.69,14.7
901,Laura Swanson,11,A,77,41,46,74,53,79,370,61.67,Ideal,Pass,2.6,1.0,2.6,4.3,1.2,39.13,7.4
902,Heather Brown,11,B,74,45,58,65,61,90,393,65.5,Ideal,Pass,0.9,1.0,1.2,3.8,3.2,37.61,6.3
903,Nicholas Vega,11,B,55,79,47,95,85,62,423,70.5,Proficient,Pass,4.6,5.0,2.2,3.3,1.3,28.49,13.100000000000001
904,Michael Gibbs,11,B,51,75,52,86,76,71,411,68.5,Ideal,Pass,4.2,5.0,4.4,4.0,2.4,31.47,16.0
905,Elizabeth Williams,12,B,38,63,57,65,82,81,386,64.33,Ideal,Pass,2.0,0.0,3.2,4.8,3.7,41.19,8.9
906,James Wilson,11,A,98,59,40,62,73,90,422,70.33,Proficient,Pass,0.9,3.0,3.4,3.1,1.5,30.83,8.8
907,Amy Morris,12,C,96,39,68,88,57,55,403,67.17,Ideal,Pass,2.3,4.0,4.3,3.3,0.8,29.71,11.4
908,Kimberly Moreno,11,C,86,36,55,75,51,99,402,67.0,Ideal,Pass,2.2,3.0,0.6,4.3,2.8,42.54,8.6
909,Wayne Jackson,12,A,73,89,68,49,92,99,470,78.33,Proficient,Pass,2.2,3.0,3.7,5.2,3.9,46.7,12.8
910,Alicia Edwards,11,A,89,84,45,54,35,78,385,64.17,Ideal,Pass,4.8,5.0,3.2,2.0,3.3,10.56,16.3
911,Danielle Johnson,12,B,41,94,71,40,50,97,393,65.5,Ideal,Pass,2.6,0.0,4.5,4.4,1.4,36.92,8.5
912,Jennifer Ortiz,12,C,72,38,69,57,72,80,388,64.67,Ideal,Pass,2.4,3.0,2.0,4.2,2.6,39.05,10.0
913,Jessica Flores,12,C,39,85,66,57,45,47,339,56.5,Capable,Pass,1.1,1.0,3.3,3.2,1.5,29.2,6.9
914,Matthew Schwartz,12,C,66,93,40,44,76,82,401,66.83,Ideal,Pass,0.7,4.0,4.9,4.2,3.6,37.61,13.200000000000001
915,Courtney Hill,12,C,45,78,73,89,86,37,408,68.0,Ideal,Pass,1.3,5.0,1.7,4.3,3.6,42.83,11.6
916,Randy Collins,12,A,59,68,73,100,66,41,407,67.83,Ideal,Pass,2.2,3.0,1.5,5.7,1.5,56.83,8.2
917,John Garcia,11,B,99,40,86,58,71,69,423,70.5,Proficient,Pass,0.5,1.0,0.6,3.1,1.0,35.45,3.1
918,Justin Lindsey,12,B,75,47,63,63,37,76,361,60.17,Ideal,Pass,1.5,4.0,1.8,4.6,3.4,44.24,10.7
919,David Parker,12,C,77,84,95,36,78,78,448,74.67,Proficient,Pass,1.9,3.0,1.2,5.3,2.2,53.73,8.3
920,Michelle Cherry,11,C,84,67,86,39,45,97,418,69.67,Ideal,Pass,3.0,2.0,0.9,4.7,2.4,44.74,8.3
921,William Ford,12,B,75,92,94,38,54,56,409,68.17,Ideal,Pass,3.3,4.0,2.4,6.0,0.6,57.9,10.299999999999999
922,Melvin Humphrey,12,C,97,65,83,51,83,50,429,71.5,Proficient,Pass,0.9,1.0,1.5,1.6,1.5,17.8,4.9
923,Andrea Martinez,11,C,86,87,80,62,88,70,473,78.83,Proficient,Pass,1.9,2.0,3.3,4.3,2.9,39.65,10.1
924,Ronald Ortega,12,C,85,63,86,98,94,71,497,82.83,Proficient,Pass,4.2,3.0,1.2,5.4,1.9,51.3,10.3
925,Travis Martinez,11,C,77,94,57,47,84,88,447,74.5,Proficient,Pass,4.9,3.0,1.3,1.1,1.3,6.64,10.500000000000002
926,Jessica Rose,11,C,87,37,76,66,56,95,417,69.5,Ideal,Pass,3.6,2.0,0.6,4.0,3.3,35.89,9.5
927,Diana Moore,12,C,100,59,55,93,82,65,454,75.67,Proficient,Pass,1.3,5.0,4.6,2.6,1.5,24.77,12.399999999999999
928,Eric Phillips,11,A,94,93,66,91,65,57,466,77.67,Proficient,Pass,4.9,4.0,3.4,5.0,3.4,40.79,15.700000000000001
929,Kevin Ferguson,11,A,94,43,35,39,87,95,393,65.5,Ideal,Pass,4.4,0.0,4.0,5.8,3.6,45.43,12.0
930,Patrick Gilbert,11,C,38,91,96,42,72,85,424,70.67,Proficient,Pass,4.2,5.0,4.0,2.8,3.0,19.57,16.2
931,Robert Mack,12,B,50,48,53,68,49,56,324,54.0,Capable,Pass,2.1,5.0,2.0,5.6,3.3,52.74,12.399999999999999
932,Megan Villegas,11,B,47,77,44,93,97,66,424,70.67,Proficient,Pass,3.9,2.0,1.8,3.2,3.3,25.61,11.0
933,Stephanie Ballard,12,C,70,39,52,53,71,38,323,53.83,Capable,Pass,1.5,2.0,3.0,4.6,1.6,42.96,8.1
934,Tammy Hale,11,C,74,95,91,72,54,51,437,72.83,Proficient,Pass,1.2,2.0,4.4,2.3,1.3,20.72,8.9
935,Diana Thompson,11,C,73,53,36,68,81,100,411,68.5,Ideal,Pass,3.9,4.0,2.3,4.1,1.1,37.28,11.299999999999999
936,Michael Sanders,12,C,54,99,75,82,83,97,490,81.67,Proficient,Pass,3.4,4.0,2.7,3.4,1.8,31.16,11.900000000000002
937,Christine Collier,11,B,63,74,61,63,54,70,385,64.17,Ideal,Pass,3.2,5.0,4.1,4.2,1.7,36.33,13.999999999999998
938,Dwayne Gonzalez,12,C,36,64,60,81,39,86,366,61.0,Ideal,Pass,3.3,2.0,2.8,2.4,3.9,15.62,12.0
939,Benjamin Shaw,11,A,92,66,66,67,58,66,415,69.17,Ideal,Pass,1.5,5.0,2.6,1.2,2.6,11.4,11.7
940,Shelby Byrd,12,A,59,43,51,73,42,61,329,54.83,Capable,Pass,1.5,4.0,3.9,3.4,0.8,31.67,10.200000000000001
941,Kevin Sharp,11,B,44,60,96,49,91,45,385,64.17,Ideal,Pass,2.6,0.0,2.9,2.1,2.2,15.23,7.7
942,Curtis Singleton,11,C,90,49,91,59,93,35,417,69.5,Ideal,Pass,1.6,3.0,3.2,3.5,1.1,34.13,8.9
943,George Miller,12,C,71,73,68,66,78,70,426,71.0,Proficient,Pass,3.6,4.0,1.9,3.2,3.9,26.37,13.4
944,Morgan Spencer,11,B,35,75,100,95,98,55,458,76.33,Proficient,Pass,1.3,3.0,3.5,1.5,3.5,12.08,11.3
945,Debra Christian,12,C,58,59,48,64,62,74,365,60.83,Ideal,Pass,2.8,2.0,3.9,3.4,2.9,26.15,11.6
946,Jessica Miller,11,C,54,76,55,59,85,56,385,64.17,Ideal,Pass,4.3,4.0,3.5,2.6,2.3,17.81,14.100000000000001
947,Andrea Reyes,12,C,88,69,64,68,95,73,457,76.17,Proficient,Pass,2.2,2.0,2.0,2.8,3.1,25.5,9.3
948,Sarah Johnson,12,B,89,85,88,35,86,42,425,70.83,Proficient,Pass,4.9,2.0,3.4,1.7,2.1,7.66,12.4
949,Joshua Tyler,12,A,60,61,67,72,82,38,380,63.33,Ideal,Pass,1.9,3.0,2.0,3.8,1.2,37.59,8.1
950,Mitchell Hoffman,11,C,99,91,70,48,44,66,418,69.67,Ideal,Pass,1.2,5.0,2.7,4.6,2.1,46.5,11.0
951,Veronica Bowman,11,C,84,97,66,70,83,42,442,73.67,Proficient,Pass,1.0,5.0,2.0,3.7,2.0,39.47,10.0
952,Stacey Joyce,12,A,95,52,44,76,87,54,408,68.0,Ideal,Pass,4.4,4.0,1.8,2.0,0.8,16.34,11.000000000000002
953,David Fisher,11,B,68,72,37,52,43,75,347,57.83,Capable,Pass,4.8,2.0,4.6,3.2,3.6,17.96,14.999999999999998
954,Michael Owen,11,B,94,64,93,81,77,60,469,78.17,Proficient,Pass,3.5,5.0,1.7,4.0,3.8,36.21,14.0
955,James Horton,11,A,87,89,85,97,41,42,441,73.5,Proficient,Pass,4.6,4.0,2.2,3.8,4.0,30.05,14.8
956,Gina Henry,12,C,97,71,77,43,44,46,378,63.0,Ideal,Pass,4.9,0.0,2.9,5.0,3.5,37.95,11.3
957,Larry Higgins,11,C,94,59,44,90,70,94,451,75.17,Proficient,Pass,2.5,5.0,1.2,2.7,1.1,28.9,9.799999999999999
958,Robert Adkins,12,B,90,37,86,72,35,84,404,67.33,Ideal,Pass,0.6,1.0,2.0,1.8,3.5,16.83,7.1
959,Jacob Cox,12,C,93,60,80,54,59,53,399,66.5,Ideal,Pass,1.4,1.0,1.0,3.7,3.8,35.29,7.199999999999999
960,Douglas Lawson,11,A,79,43,76,75,64,61,398,66.33,Ideal,Pass,1.4,1.0,2.4,2.4,3.8,20.17,8.6
961,Scott Dalton,11,B,38,52,91,50,83,38,352,58.67,Capable,Pass,2.5,5.0,4.3,2.0,0.7,16.08,12.5
962,Cynthia Diaz,12,B,60,61,83,50,46,57,357,59.5,Capable,Pass,2.8,4.0,3.8,1.6,3.1,8.93,13.7
963,Allen Robertson,11,B,80,75,88,59,61,46,409,68.17,Ideal,Pass,4.1,2.0,2.7,3.5,3.8,26.01,12.600000000000001
964,Sara Mcdowell,11,A,83,88,86,47,80,81,465,77.5,Proficient,Pass,4.8,0.0,2.5,5.2,1.6,44.48,8.9
965,Jennifer Jones,11,C,84,95,37,70,76,40,402,67.0,Ideal,Pass,1.1,1.0,1.3,1.0,2.3,10.29,5.7
966,Amanda Morrow,11,C,95,39,42,61,72,82,391,65.17,Ideal,Pass,3.3,1.0,2.4,1.9,2.3,13.06,9.0
967,Ruben Mendez,11,C,58,81,49,55,38,98,379,63.17,Ideal,Pass,1.4,3.0,3.3,5.5,1.4,53.39,9.1
968,Stephen Scott,12,A,38,77,38,95,39,53,340,56.67,Capable,Pass,4.6,0.0,2.9,4.8,3.0,36.52,10.5
969,John Wilson,11,A,47,36,79,63,46,88,359,59.83,Capable,Pass,4.9,0.0,4.9,3.3,2.0,19.43,11.8
970,Sherri Mason,12,A,35,74,95,95,67,51,417,69.5,Ideal,Pass,2.0,4.0,2.1,4.1,3.0,39.2,11.1
971,Joshua Walker,12,B,60,51,63,100,51,53,378,63.0,Ideal,Pass,1.5,0.0,3.8,4.6,1.5,41.8,6.8
972,Richard Thomas,11,A,63,67,58,73,77,94,432,72.0,Proficient,Pass,3.5,4.0,2.8,5.9,1.4,55.32,11.700000000000001
973,Vincent Williams,11,B,89,82,53,39,84,41,388,64.67,Ideal,Pass,4.1,1.0,0.6,4.2,3.4,35.79,9.1
974,Kelli Smith,11,A,85,76,36,96,96,79,468,78.0,Proficient,Pass,1.3,4.0,2.3,6.0,2.1,61.23,9.7
975,Kenneth Burgess,12,C,91,50,70,100,78,78,467,77.83,Proficient,Pass,5.0,1.0,1.6,5.0,2.2,43.24,9.8
976,Alexandra Hayes,12,C,47,78,68,43,81,89,406,67.67,Ideal,Pass,3.4,4.0,1.1,2.1,2.1,18.8,10.6
977,Amanda Boone,11,A,72,51,79,74,92,90,458,76.33,Proficient,Pass,3.0,0.0,4.8,5.9,1.1,52.11,8.9
978,Donna Peck,11,A,63,37,60,80,54,41,335,55.83,Capable,Pass,4.1,2.0,2.9,4.5,4.0,34.23,13.0
979,Cynthia Kelley,11,B,55,47,56,63,54,89,364,60.67,Ideal,Pass,4.4,2.0,0.7,5.8,1.9,52.94,9.0
980,Melissa Prince,12,C,88,95,94,76,52,73,478,79.67,Proficient,Pass,0.5,2.0,3.7,4.3,1.2,43.98,7.4
981,Lynn Morales,11,A,87,52,53,96,55,66,409,68.17,Ideal,Pass,2.3,1.0,3.4,3.0,1.2,26.18,7.8999999999999995
982,Craig Wise,12,A,63,70,52,86,50,54,375,62.5,Ideal,Pass,1.4,1.0,3.5,4.8,0.5,46.1,6.4
983,Phillip Elliott,11,C,74,48,95,64,91,73,445,74.17,Proficient,Pass,4.2,4.0,3.8,3.3,0.7,27.48,12.7
984,Chris Richard,12,B,40,83,67,49,94,89,422,70.33,Proficient,Pass,3.1,5.0,3.6,5.0,3.2,44.09,14.899999999999999
985,Cassie Kirby,11,C,48,46,81,65,98,90,428,71.33,Proficient,Pass,2.4,5.0,1.0,4.8,3.4,47.25,11.8
986,Sheila Fischer,12,B,100,77,88,67,80,45,457,76.17,Proficient,Pass,0.6,5.0,4.1,2.2,2.2,22.13,11.899999999999999
987,Cameron Davis,12,C,69,48,97,83,83,40,420,70.0,Proficient,Pass,3.2,4.0,4.3,4.2,0.8,37.19,12.3
988,Jennifer Schmitt,11,A,65,81,88,85,40,79,438,73.0,Proficient,Pass,3.4,3.0,4.3,3.9,2.3,31.79,13.0
989,Erika Mitchell,12,C,90,38,62,58,38,77,363,60.5,Ideal,Pass,0.9,3.0,4.1,4.6,3.5,41.4,11.5
990,Edward Murphy,12,B,79,80,66,70,92,41,428,71.33,Proficient,Pass,2.0,5.0,5.0,2.3,3.3,17.17,15.3
991,Chad Welch,11,C,76,86,79,57,98,46,442,73.67,Proficient,Pass,2.0,4.0,2.9,5.0,3.9,46.34,12.8
992,John Reed,12,B,47,46,86,75,98,58,410,68.33,Ideal,Pass,3.9,1.0,1.7,4.5,1.7,39.94,8.3
993,Lisa Young,12,B,55,56,76,37,49,59,332,55.33,Capable,Pass,3.1,4.0,3.7,3.8,3.1,30.06,13.9
994,Megan Parsons,11,B,44,60,46,46,86,68,350,58.33,Capable,Pass,1.2,2.0,2.9,3.0,3.7,25.64,9.8
995,Debbie Henderson,11,C,72,45,76,63,91,40,387,64.5,Ideal,Pass,1.6,1.0,3.5,2.4,2.2,19.86,8.3
996,Erika Rush,11,A,63,91,62,53,36,72,377,62.83,Ideal,Pass,1.6,0.0,4.4,3.4,2.0,28.08,8.0
997,Randall Greene,11,B,58,86,84,68,81,68,445,74.17,Proficient,Pass,2.4,2.0,4.6,5.7,1.6,51.8,10.6
998,Mark Steele,12,A,52,76,66,51,47,99,391,65.17,Ideal,Pass,3.7,4.0,1.9,5.0,2.6,45.15,12.2
999,Matthew Shelton,12,C,63,94,69,41,93,91,451,75.17,Proficient,Pass,2.7,3.0,0.8,6.0,0.6,61.7,7.1
1000,Raven Gilbert,12,C,42,79,96,53,43,80,393,65.5,Ideal,Pass,0.8,5.0,1.7,2.3,3.6,23.58,11.1
